"ï..station_id"	"stationname"	"date"	"daytype"	"rides"
41700	"Washington/Wabash"	"12/09/2017"	"A"	"5,749"
41700	"Washington/Wabash"	"12/14/2017"	"W"	"10,228"
41700	"Washington/Wabash"	"12/25/2017"	"U"	"1,205"
41700	"Washington/Wabash"	"12/27/2017"	"W"	"6,092"
41700	"Washington/Wabash"	"12/29/2017"	"W"	"7,313"
41700	"Washington/Wabash"	"12/18/2017"	"W"	"10,378"
41700	"Washington/Wabash"	"12/19/2017"	"W"	"11,253"
41700	"Washington/Wabash"	"12/17/2017"	"U"	"4,031"
41700	"Washington/Wabash"	"12/04/2017"	"W"	"10,619"
41700	"Washington/Wabash"	"12/01/2017"	"W"	"11,381"
41700	"Washington/Wabash"	"12/21/2017"	"W"	"10,799"
41700	"Washington/Wabash"	"12/06/2017"	"W"	"10,271"
41700	"Washington/Wabash"	"12/26/2017"	"W"	"4,725"
41700	"Washington/Wabash"	"12/22/2017"	"W"	"10,513"
41700	"Washington/Wabash"	"12/31/2017"	"U"	"2,881"
41700	"Washington/Wabash"	"12/20/2017"	"W"	"10,591"
41700	"Washington/Wabash"	"12/05/2017"	"W"	"9,968"
41700	"Washington/Wabash"	"12/24/2017"	"U"	"2,935"
41700	"Washington/Wabash"	"12/07/2017"	"W"	"10,266"
41700	"Washington/Wabash"	"12/10/2017"	"U"	"3,958"
41700	"Washington/Wabash"	"12/02/2017"	"A"	"8,106"
41700	"Washington/Wabash"	"12/13/2017"	"W"	"10,252"
41700	"Washington/Wabash"	"12/30/2017"	"A"	"3,400"
41700	"Washington/Wabash"	"12/28/2017"	"W"	"6,798"
41700	"Washington/Wabash"	"12/23/2017"	"A"	"5,777"
41700	"Washington/Wabash"	"12/03/2017"	"U"	"5,048"
41700	"Washington/Wabash"	"12/12/2017"	"W"	"10,088"
41700	"Washington/Wabash"	"12/16/2017"	"A"	"6,904"
41700	"Washington/Wabash"	"12/15/2017"	"W"	"9,987"
41700	"Washington/Wabash"	"12/11/2017"	"W"	"10,059"
41700	"Washington/Wabash"	"12/08/2017"	"W"	"10,835"
41700	"Washington/Wabash"	"01/06/2018"	"A"	"3,473"
41700	"Washington/Wabash"	"01/17/2018"	"W"	"9,165"
41700	"Washington/Wabash"	"02/23/2018"	"W"	"9,862"
41700	"Washington/Wabash"	"02/02/2018"	"W"	"8,857"
41700	"Washington/Wabash"	"01/21/2018"	"U"	"2,776"
41700	"Washington/Wabash"	"01/07/2018"	"U"	"2,399"
41700	"Washington/Wabash"	"02/10/2018"	"A"	"3,970"
41700	"Washington/Wabash"	"03/17/2018"	"A"	"9,627"
41700	"Washington/Wabash"	"02/12/2018"	"W"	"9,116"
41700	"Washington/Wabash"	"02/09/2018"	"W"	"6,159"
41700	"Washington/Wabash"	"01/09/2018"	"W"	"9,033"
41700	"Washington/Wabash"	"01/30/2018"	"W"	"8,811"
41700	"Washington/Wabash"	"03/08/2018"	"W"	"10,001"
41700	"Washington/Wabash"	"01/10/2018"	"W"	"9,588"
41700	"Washington/Wabash"	"03/02/2018"	"W"	"9,248"
41700	"Washington/Wabash"	"03/07/2018"	"W"	"9,898"
41700	"Washington/Wabash"	"02/08/2018"	"W"	"9,490"
41700	"Washington/Wabash"	"01/14/2018"	"U"	"2,640"
41700	"Washington/Wabash"	"02/19/2018"	"W"	"6,805"
41700	"Washington/Wabash"	"02/15/2018"	"W"	"9,930"
41700	"Washington/Wabash"	"03/21/2018"	"W"	"9,984"
41700	"Washington/Wabash"	"01/03/2018"	"W"	"7,723"
41700	"Washington/Wabash"	"03/26/2018"	"W"	"9,143"
41700	"Washington/Wabash"	"01/25/2018"	"W"	"9,846"
41700	"Washington/Wabash"	"01/05/2018"	"W"	"7,725"
41700	"Washington/Wabash"	"03/16/2018"	"W"	"9,919"
41700	"Washington/Wabash"	"02/18/2018"	"U"	"3,613"
41700	"Washington/Wabash"	"01/15/2018"	"W"	"5,728"
41700	"Washington/Wabash"	"02/06/2018"	"W"	"9,073"
41700	"Washington/Wabash"	"01/12/2018"	"W"	"8,901"
41700	"Washington/Wabash"	"02/22/2018"	"W"	"9,937"
41700	"Washington/Wabash"	"01/18/2018"	"W"	"9,653"
41700	"Washington/Wabash"	"02/21/2018"	"W"	"9,721"
41700	"Washington/Wabash"	"03/19/2018"	"W"	"9,851"
41700	"Washington/Wabash"	"03/13/2018"	"W"	"9,696"
41700	"Washington/Wabash"	"03/10/2018"	"A"	"4,802"
41700	"Washington/Wabash"	"03/27/2018"	"W"	"9,457"
41700	"Washington/Wabash"	"02/14/2018"	"W"	"10,303"
41700	"Washington/Wabash"	"02/07/2018"	"W"	"9,290"
41700	"Washington/Wabash"	"01/29/2018"	"W"	"9,206"
41700	"Washington/Wabash"	"03/30/2018"	"W"	"9,305"
41700	"Washington/Wabash"	"02/27/2018"	"W"	"10,432"
41700	"Washington/Wabash"	"01/02/2018"	"W"	"6,581"
41700	"Washington/Wabash"	"02/11/2018"	"U"	"2,583"
41700	"Washington/Wabash"	"02/28/2018"	"W"	"9,518"
41700	"Washington/Wabash"	"03/01/2018"	"W"	"9,700"
41700	"Washington/Wabash"	"02/16/2018"	"W"	"9,706"
41700	"Washington/Wabash"	"03/11/2018"	"U"	"3,012"
41700	"Washington/Wabash"	"03/05/2018"	"W"	"9,071"
41700	"Washington/Wabash"	"02/13/2018"	"W"	"10,184"
41700	"Washington/Wabash"	"01/19/2018"	"W"	"9,481"
41700	"Washington/Wabash"	"03/22/2018"	"W"	"10,101"
41700	"Washington/Wabash"	"03/23/2018"	"W"	"9,466"
41700	"Washington/Wabash"	"01/20/2018"	"A"	"6,211"
41700	"Washington/Wabash"	"03/06/2018"	"W"	"9,602"
41700	"Washington/Wabash"	"01/08/2018"	"W"	"9,018"
41700	"Washington/Wabash"	"02/05/2018"	"W"	"8,738"
41700	"Washington/Wabash"	"03/09/2018"	"W"	"9,667"
41700	"Washington/Wabash"	"02/24/2018"	"A"	"4,610"
41700	"Washington/Wabash"	"03/31/2018"	"A"	"4,319"
41700	"Washington/Wabash"	"03/29/2018"	"W"	"9,427"
41700	"Washington/Wabash"	"01/16/2018"	"W"	"9,074"
41700	"Washington/Wabash"	"03/28/2018"	"W"	"10,091"
41700	"Washington/Wabash"	"03/14/2018"	"W"	"10,432"
41700	"Washington/Wabash"	"01/22/2018"	"W"	"9,317"
41700	"Washington/Wabash"	"02/01/2018"	"W"	"9,345"
41700	"Washington/Wabash"	"02/20/2018"	"W"	"9,368"
41700	"Washington/Wabash"	"01/26/2018"	"W"	"9,683"
41700	"Washington/Wabash"	"01/11/2018"	"W"	"9,375"
41700	"Washington/Wabash"	"03/15/2018"	"W"	"10,088"
41700	"Washington/Wabash"	"01/23/2018"	"W"	"9,584"
41700	"Washington/Wabash"	"03/24/2018"	"A"	"4,729"
41700	"Washington/Wabash"	"02/25/2018"	"U"	"3,127"
41700	"Washington/Wabash"	"02/17/2018"	"A"	"4,510"
41700	"Washington/Wabash"	"02/03/2018"	"A"	"3,927"
41700	"Washington/Wabash"	"03/20/2018"	"W"	"9,591"
41700	"Washington/Wabash"	"01/04/2018"	"W"	"7,899"
41700	"Washington/Wabash"	"01/31/2018"	"W"	"9,659"
41700	"Washington/Wabash"	"01/01/2018"	"U"	"1,890"
41700	"Washington/Wabash"	"01/27/2018"	"A"	"4,739"
41700	"Washington/Wabash"	"03/18/2018"	"U"	"4,275"
41700	"Washington/Wabash"	"02/04/2018"	"U"	"2,180"
41700	"Washington/Wabash"	"03/04/2018"	"U"	"3,295"
41700	"Washington/Wabash"	"03/12/2018"	"W"	"9,717"
41700	"Washington/Wabash"	"01/13/2018"	"A"	"3,887"
41700	"Washington/Wabash"	"01/24/2018"	"W"	"9,490"
41700	"Washington/Wabash"	"01/28/2018"	"U"	"2,755"
41700	"Washington/Wabash"	"03/03/2018"	"A"	"5,001"
41700	"Washington/Wabash"	"02/26/2018"	"W"	"9,859"
41700	"Washington/Wabash"	"03/25/2018"	"U"	"3,507"
41700	"Washington/Wabash"	"04/16/2018"	"W"	"9,249"
41700	"Washington/Wabash"	"06/09/2018"	"A"	"7,537"
41700	"Washington/Wabash"	"06/08/2018"	"W"	"11,375"
41700	"Washington/Wabash"	"05/22/2018"	"W"	"10,235"
41700	"Washington/Wabash"	"04/19/2018"	"W"	"9,989"
41700	"Washington/Wabash"	"06/12/2018"	"W"	"11,085"
41700	"Washington/Wabash"	"05/14/2018"	"W"	"9,480"
41700	"Washington/Wabash"	"05/04/2018"	"W"	"10,270"
41700	"Washington/Wabash"	"06/19/2018"	"W"	"10,946"
41700	"Washington/Wabash"	"04/24/2018"	"W"	"10,104"
41700	"Washington/Wabash"	"06/20/2018"	"W"	"11,125"
41700	"Washington/Wabash"	"06/05/2018"	"W"	"10,670"
41700	"Washington/Wabash"	"06/30/2018"	"A"	"6,502"
41700	"Washington/Wabash"	"05/06/2018"	"U"	"3,785"
41700	"Washington/Wabash"	"06/29/2018"	"W"	"11,009"
41700	"Washington/Wabash"	"04/15/2018"	"U"	"2,907"
41700	"Washington/Wabash"	"05/31/2018"	"W"	"10,741"
41700	"Washington/Wabash"	"04/23/2018"	"W"	"9,180"
41700	"Washington/Wabash"	"05/01/2018"	"W"	"10,588"
41700	"Washington/Wabash"	"05/05/2018"	"A"	"6,126"
41700	"Washington/Wabash"	"06/28/2018"	"W"	"12,077"
41700	"Washington/Wabash"	"04/30/2018"	"W"	"10,195"
41700	"Washington/Wabash"	"04/10/2018"	"W"	"9,422"
41700	"Washington/Wabash"	"06/14/2018"	"W"	"11,215"
41700	"Washington/Wabash"	"04/06/2018"	"W"	"9,633"
41700	"Washington/Wabash"	"05/11/2018"	"W"	"9,853"
41700	"Washington/Wabash"	"06/13/2018"	"W"	"11,644"
41700	"Washington/Wabash"	"04/03/2018"	"W"	"9,607"
41700	"Washington/Wabash"	"06/21/2018"	"W"	"9,396"
41700	"Washington/Wabash"	"04/14/2018"	"A"	"4,147"
41700	"Washington/Wabash"	"04/12/2018"	"W"	"10,283"
41700	"Washington/Wabash"	"05/12/2018"	"A"	"4,998"
41700	"Washington/Wabash"	"05/21/2018"	"W"	"9,285"
41700	"Washington/Wabash"	"06/11/2018"	"W"	"9,566"
41700	"Washington/Wabash"	"06/04/2018"	"W"	"10,660"
41700	"Washington/Wabash"	"05/02/2018"	"W"	"10,201"
41700	"Washington/Wabash"	"05/15/2018"	"W"	"10,212"
41700	"Washington/Wabash"	"06/23/2018"	"A"	"6,372"
41700	"Washington/Wabash"	"04/02/2018"	"W"	"9,225"
41700	"Washington/Wabash"	"06/18/2018"	"W"	"10,170"
41700	"Washington/Wabash"	"06/01/2018"	"W"	"11,123"
41700	"Washington/Wabash"	"05/03/2018"	"W"	"9,874"
41700	"Washington/Wabash"	"05/10/2018"	"W"	"10,808"
41700	"Washington/Wabash"	"05/18/2018"	"W"	"9,913"
41700	"Washington/Wabash"	"06/15/2018"	"W"	"11,018"
41700	"Washington/Wabash"	"04/22/2018"	"U"	"3,452"
41700	"Washington/Wabash"	"06/02/2018"	"A"	"5,770"
41700	"Washington/Wabash"	"05/29/2018"	"W"	"10,092"
41700	"Washington/Wabash"	"04/17/2018"	"W"	"9,974"
41700	"Washington/Wabash"	"04/27/2018"	"W"	"9,831"
41700	"Washington/Wabash"	"05/27/2018"	"U"	"5,239"
41700	"Washington/Wabash"	"06/24/2018"	"U"	"7,511"
41700	"Washington/Wabash"	"05/07/2018"	"W"	"10,296"
41700	"Washington/Wabash"	"04/25/2018"	"W"	"9,948"
41700	"Washington/Wabash"	"05/25/2018"	"W"	"10,608"
41700	"Washington/Wabash"	"04/28/2018"	"A"	"5,086"
41700	"Washington/Wabash"	"06/22/2018"	"W"	"9,927"
41700	"Washington/Wabash"	"04/05/2018"	"W"	"10,070"
41700	"Washington/Wabash"	"05/20/2018"	"U"	"3,502"
41700	"Washington/Wabash"	"06/27/2018"	"W"	"11,112"
41700	"Washington/Wabash"	"06/26/2018"	"W"	"10,465"
41700	"Washington/Wabash"	"04/13/2018"	"W"	"9,806"
41700	"Washington/Wabash"	"06/03/2018"	"U"	"5,170"
41700	"Washington/Wabash"	"04/01/2018"	"U"	"2,401"
41700	"Washington/Wabash"	"05/09/2018"	"W"	"10,261"
41700	"Washington/Wabash"	"05/23/2018"	"W"	"10,374"
41700	"Washington/Wabash"	"04/11/2018"	"W"	"10,217"
41700	"Washington/Wabash"	"05/19/2018"	"A"	"5,344"
41700	"Washington/Wabash"	"06/10/2018"	"U"	"4,364"
41700	"Washington/Wabash"	"05/24/2018"	"W"	"11,186"
41700	"Washington/Wabash"	"04/29/2018"	"U"	"3,546"
41700	"Washington/Wabash"	"04/09/2018"	"W"	"9,117"
41700	"Washington/Wabash"	"04/18/2018"	"W"	"9,681"
41700	"Washington/Wabash"	"05/17/2018"	"W"	"10,215"
41700	"Washington/Wabash"	"04/21/2018"	"A"	"4,692"
41700	"Washington/Wabash"	"05/30/2018"	"W"	"9,588"
41700	"Washington/Wabash"	"04/08/2018"	"U"	"2,993"
41700	"Washington/Wabash"	"04/04/2018"	"W"	"9,959"
41700	"Washington/Wabash"	"06/06/2018"	"W"	"10,822"
41700	"Washington/Wabash"	"06/25/2018"	"W"	"10,941"
41700	"Washington/Wabash"	"05/26/2018"	"A"	"9,065"
41700	"Washington/Wabash"	"04/20/2018"	"W"	"10,139"
41700	"Washington/Wabash"	"04/26/2018"	"W"	"10,218"
41700	"Washington/Wabash"	"05/28/2018"	"U"	"4,675"
41700	"Washington/Wabash"	"04/07/2018"	"A"	"4,804"
41700	"Washington/Wabash"	"05/08/2018"	"W"	"10,630"
41700	"Washington/Wabash"	"06/17/2018"	"U"	"4,189"
41700	"Washington/Wabash"	"06/07/2018"	"W"	"11,355"
41700	"Washington/Wabash"	"05/16/2018"	"W"	"10,324"
41700	"Washington/Wabash"	"05/13/2018"	"U"	"3,374"
41700	"Washington/Wabash"	"06/16/2018"	"A"	"5,743"
41700	"Washington/Wabash"	"07/01/2018"	"U"	"3,928"
41700	"Washington/Wabash"	"07/02/2018"	"W"	"10,464"
41700	"Washington/Wabash"	"07/03/2018"	"W"	"11,339"
41700	"Washington/Wabash"	"07/04/2018"	"U"	"5,932"
41700	"Washington/Wabash"	"07/05/2018"	"W"	"9,227"
41700	"Washington/Wabash"	"07/06/2018"	"W"	"11,298"
41700	"Washington/Wabash"	"07/07/2018"	"A"	"6,013"
41700	"Washington/Wabash"	"07/08/2018"	"U"	"4,299"
41700	"Washington/Wabash"	"07/09/2018"	"W"	"11,082"
41700	"Washington/Wabash"	"07/10/2018"	"W"	"11,264"
41700	"Washington/Wabash"	"07/11/2018"	"W"	"12,141"
41700	"Washington/Wabash"	"07/12/2018"	"W"	"12,381"
41700	"Washington/Wabash"	"07/13/2018"	"W"	"12,659"
41700	"Washington/Wabash"	"07/14/2018"	"A"	"6,574"
41700	"Washington/Wabash"	"07/15/2018"	"U"	"5,696"
41700	"Washington/Wabash"	"07/16/2018"	"W"	"10,966"
41700	"Washington/Wabash"	"07/17/2018"	"W"	"11,714"
41700	"Washington/Wabash"	"07/18/2018"	"W"	"12,118"
41700	"Washington/Wabash"	"07/19/2018"	"W"	"12,023"
41700	"Washington/Wabash"	"07/20/2018"	"W"	"10,671"
41700	"Washington/Wabash"	"07/21/2018"	"A"	"6,063"
41700	"Washington/Wabash"	"07/22/2018"	"U"	"4,375"
41700	"Washington/Wabash"	"07/23/2018"	"W"	"12,410"
41700	"Washington/Wabash"	"07/24/2018"	"W"	"12,856"
41700	"Washington/Wabash"	"07/25/2018"	"W"	"12,137"
41700	"Washington/Wabash"	"07/26/2018"	"W"	"11,964"
41700	"Washington/Wabash"	"07/27/2018"	"W"	"11,572"
41700	"Washington/Wabash"	"07/28/2018"	"A"	"6,298"
41700	"Washington/Wabash"	"07/29/2018"	"U"	"5,386"
41700	"Washington/Wabash"	"07/30/2018"	"W"	"11,676"
41700	"Washington/Wabash"	"07/31/2018"	"W"	"11,414"
41700	"Washington/Wabash"	"08/01/2018"	"W"	"12,154"
41700	"Washington/Wabash"	"08/02/2018"	"W"	"13,889"
41700	"Washington/Wabash"	"08/03/2018"	"W"	"12,553"
41700	"Washington/Wabash"	"08/04/2018"	"A"	"7,622"
41700	"Washington/Wabash"	"08/05/2018"	"U"	"6,848"
41700	"Washington/Wabash"	"08/06/2018"	"W"	"10,650"
41700	"Washington/Wabash"	"08/07/2018"	"W"	"10,514"
41700	"Washington/Wabash"	"08/08/2018"	"W"	"11,579"
41700	"Washington/Wabash"	"08/09/2018"	"W"	"12,422"
41700	"Washington/Wabash"	"08/10/2018"	"W"	"11,105"
41700	"Washington/Wabash"	"08/11/2018"	"A"	"6,376"
41700	"Washington/Wabash"	"08/12/2018"	"U"	"5,161"
41700	"Washington/Wabash"	"08/13/2018"	"W"	"11,515"
41700	"Washington/Wabash"	"08/14/2018"	"W"	"12,453"
41700	"Washington/Wabash"	"08/15/2018"	"W"	"10,519"
41700	"Washington/Wabash"	"08/16/2018"	"W"	"11,548"
41700	"Washington/Wabash"	"08/17/2018"	"W"	"11,028"
41700	"Washington/Wabash"	"08/18/2018"	"A"	"6,666"
41700	"Washington/Wabash"	"08/19/2018"	"U"	"4,680"
41700	"Washington/Wabash"	"08/20/2018"	"W"	"9,839"
41700	"Washington/Wabash"	"08/21/2018"	"W"	"10,542"
41700	"Washington/Wabash"	"08/22/2018"	"W"	"10,721"
41700	"Washington/Wabash"	"08/23/2018"	"W"	"11,451"
41700	"Washington/Wabash"	"08/24/2018"	"W"	"9,574"
41700	"Washington/Wabash"	"08/25/2018"	"A"	"5,868"
41700	"Washington/Wabash"	"08/26/2018"	"U"	"3,970"
41700	"Washington/Wabash"	"08/27/2018"	"W"	"10,674"
41700	"Washington/Wabash"	"08/28/2018"	"W"	"11,665"
41700	"Washington/Wabash"	"08/29/2018"	"W"	"11,050"
41700	"Washington/Wabash"	"08/30/2018"	"W"	"11,731"
41700	"Washington/Wabash"	"08/31/2018"	"W"	"12,242"
41700	"Washington/Wabash"	"09/01/2018"	"A"	"6,097"
41700	"Washington/Wabash"	"09/02/2018"	"U"	"6,124"
41700	"Washington/Wabash"	"09/03/2018"	"U"	"3,921"
41700	"Washington/Wabash"	"09/04/2018"	"W"	"10,423"
41700	"Washington/Wabash"	"09/05/2018"	"W"	"10,848"
41700	"Washington/Wabash"	"09/06/2018"	"W"	"10,661"
41700	"Washington/Wabash"	"09/07/2018"	"W"	"11,118"
41700	"Washington/Wabash"	"09/08/2018"	"A"	"5,629"
41700	"Washington/Wabash"	"09/09/2018"	"U"	"3,821"
41700	"Washington/Wabash"	"09/10/2018"	"W"	"10,835"
41700	"Washington/Wabash"	"09/11/2018"	"W"	"11,524"
41700	"Washington/Wabash"	"09/12/2018"	"W"	"11,767"
41700	"Washington/Wabash"	"09/13/2018"	"W"	"11,961"
41700	"Washington/Wabash"	"09/14/2018"	"W"	"11,817"
41700	"Washington/Wabash"	"09/15/2018"	"A"	"7,091"
41700	"Washington/Wabash"	"09/16/2018"	"U"	"4,518"
41700	"Washington/Wabash"	"09/17/2018"	"W"	"11,319"
41700	"Washington/Wabash"	"09/18/2018"	"W"	"11,068"
41700	"Washington/Wabash"	"09/19/2018"	"W"	"11,016"
41700	"Washington/Wabash"	"09/20/2018"	"W"	"12,015"
41700	"Washington/Wabash"	"09/21/2018"	"W"	"11,448"
41700	"Washington/Wabash"	"09/22/2018"	"A"	"6,249"
41700	"Washington/Wabash"	"09/23/2018"	"U"	"5,351"
41700	"Washington/Wabash"	"09/24/2018"	"W"	"10,831"
41700	"Washington/Wabash"	"09/25/2018"	"W"	"10,994"
41700	"Washington/Wabash"	"09/26/2018"	"W"	"11,404"
41700	"Washington/Wabash"	"09/27/2018"	"W"	"11,600"
41700	"Washington/Wabash"	"09/28/2018"	"W"	"10,850"
41700	"Washington/Wabash"	"09/29/2018"	"A"	"5,863"
41700	"Washington/Wabash"	"09/30/2018"	"U"	"4,257"
41700	"Washington/Wabash"	"10/01/2018"	"W"	"10,986"
41700	"Washington/Wabash"	"10/02/2018"	"W"	"11,007"
41700	"Washington/Wabash"	"10/03/2018"	"W"	"11,564"
41700	"Washington/Wabash"	"10/04/2018"	"W"	"11,469"
41700	"Washington/Wabash"	"10/05/2018"	"W"	"11,440"
41700	"Washington/Wabash"	"10/06/2018"	"A"	"6,291"
41700	"Washington/Wabash"	"10/07/2018"	"U"	"5,881"
41700	"Washington/Wabash"	"10/08/2018"	"W"	"11,335"
41700	"Washington/Wabash"	"10/09/2018"	"W"	"11,424"
41700	"Washington/Wabash"	"10/10/2018"	"W"	"10,901"
41700	"Washington/Wabash"	"10/11/2018"	"W"	"11,353"
41700	"Washington/Wabash"	"10/12/2018"	"W"	"11,010"
41700	"Washington/Wabash"	"10/13/2018"	"A"	"5,944"
41700	"Washington/Wabash"	"10/14/2018"	"U"	"4,016"
41700	"Washington/Wabash"	"10/15/2018"	"W"	"11,024"
41700	"Washington/Wabash"	"10/16/2018"	"W"	"11,267"
41700	"Washington/Wabash"	"10/17/2018"	"W"	"11,107"
41700	"Washington/Wabash"	"10/18/2018"	"W"	"11,134"
41700	"Washington/Wabash"	"10/19/2018"	"W"	"10,511"
41700	"Washington/Wabash"	"10/20/2018"	"A"	"6,034"
41700	"Washington/Wabash"	"10/21/2018"	"U"	"3,890"
41700	"Washington/Wabash"	"10/22/2018"	"W"	"10,913"
41700	"Washington/Wabash"	"10/23/2018"	"W"	"11,182"
41700	"Washington/Wabash"	"10/24/2018"	"W"	"10,792"
41700	"Washington/Wabash"	"10/25/2018"	"W"	"11,065"
41700	"Washington/Wabash"	"10/26/2018"	"W"	"10,900"
41700	"Washington/Wabash"	"10/27/2018"	"A"	"5,411"
41700	"Washington/Wabash"	"10/28/2018"	"U"	"3,208"
41700	"Washington/Wabash"	"10/29/2018"	"W"	"10,645"
41700	"Washington/Wabash"	"10/30/2018"	"W"	"11,153"
41700	"Washington/Wabash"	"10/31/2018"	"W"	"10,641"
41700	"Washington/Wabash"	"11/01/2018"	"W"	"10,805"
41700	"Washington/Wabash"	"11/02/2018"	"W"	"10,869"
41700	"Washington/Wabash"	"11/03/2018"	"A"	"7,237"
41700	"Washington/Wabash"	"11/04/2018"	"U"	"5,540"
41700	"Washington/Wabash"	"11/05/2018"	"W"	"10,700"
41700	"Washington/Wabash"	"11/06/2018"	"W"	"10,420"
41700	"Washington/Wabash"	"11/07/2018"	"W"	"10,872"
41700	"Washington/Wabash"	"11/08/2018"	"W"	"11,125"
41700	"Washington/Wabash"	"11/09/2018"	"W"	"10,280"
41700	"Washington/Wabash"	"11/10/2018"	"A"	"5,107"
41700	"Washington/Wabash"	"11/11/2018"	"U"	"3,578"
41700	"Washington/Wabash"	"11/12/2018"	"W"	"8,752"
41700	"Washington/Wabash"	"11/13/2018"	"W"	"10,566"
41700	"Washington/Wabash"	"11/14/2018"	"W"	"10,538"
41700	"Washington/Wabash"	"11/15/2018"	"W"	"10,807"
41700	"Washington/Wabash"	"11/16/2018"	"W"	"14,786"
41700	"Washington/Wabash"	"11/17/2018"	"A"	"7,954"
41700	"Washington/Wabash"	"11/18/2018"	"U"	"4,481"
41700	"Washington/Wabash"	"11/19/2018"	"W"	"10,774"
41700	"Washington/Wabash"	"11/20/2018"	"W"	"11,010"
41700	"Washington/Wabash"	"11/21/2018"	"W"	"9,541"
41700	"Washington/Wabash"	"11/22/2018"	"U"	"2,659"
41700	"Washington/Wabash"	"11/23/2018"	"W"	"8,417"
41700	"Washington/Wabash"	"11/24/2018"	"A"	"6,125"
41700	"Washington/Wabash"	"11/25/2018"	"U"	"2,921"
41700	"Washington/Wabash"	"11/26/2018"	"W"	"9,279"
41700	"Washington/Wabash"	"11/27/2018"	"W"	"10,604"
41700	"Washington/Wabash"	"11/28/2018"	"W"	"10,816"
41700	"Washington/Wabash"	"11/29/2018"	"W"	"11,397"
41700	"Washington/Wabash"	"11/30/2018"	"W"	"11,684"
41700	"Washington/Wabash"	"12/01/2018"	"A"	"5,044"
41700	"Washington/Wabash"	"12/02/2018"	"U"	"3,597"
41700	"Washington/Wabash"	"12/03/2018"	"W"	"10,349"
41700	"Washington/Wabash"	"12/04/2018"	"W"	"10,769"
41700	"Washington/Wabash"	"12/05/2018"	"W"	"10,843"
41700	"Washington/Wabash"	"12/06/2018"	"W"	"11,438"
41700	"Washington/Wabash"	"12/07/2018"	"W"	"10,737"
41700	"Washington/Wabash"	"12/08/2018"	"A"	"6,225"
41700	"Washington/Wabash"	"12/09/2018"	"U"	"4,097"
41700	"Washington/Wabash"	"12/10/2018"	"W"	"10,438"
41700	"Washington/Wabash"	"12/11/2018"	"W"	"11,133"
41700	"Washington/Wabash"	"12/12/2018"	"W"	"10,826"
41700	"Washington/Wabash"	"12/13/2018"	"W"	"11,078"
41700	"Washington/Wabash"	"12/14/2018"	"W"	"11,052"
41700	"Washington/Wabash"	"12/15/2018"	"A"	"6,954"
41700	"Washington/Wabash"	"12/16/2018"	"U"	"4,713"
41700	"Washington/Wabash"	"12/17/2018"	"W"	"10,844"
41700	"Washington/Wabash"	"12/18/2018"	"W"	"11,176"
41700	"Washington/Wabash"	"12/19/2018"	"W"	"11,336"
41700	"Washington/Wabash"	"12/20/2018"	"W"	"10,541"
41700	"Washington/Wabash"	"12/21/2018"	"W"	"10,247"
41700	"Washington/Wabash"	"12/22/2018"	"A"	"5,729"
41700	"Washington/Wabash"	"12/23/2018"	"U"	"4,932"
41700	"Washington/Wabash"	"12/24/2018"	"W"	"5,060"
41700	"Washington/Wabash"	"12/25/2018"	"U"	"1,723"
41700	"Washington/Wabash"	"12/26/2018"	"W"	"7,205"
41700	"Washington/Wabash"	"12/27/2018"	"W"	"7,187"
41700	"Washington/Wabash"	"12/28/2018"	"W"	"8,059"
41700	"Washington/Wabash"	"12/29/2018"	"A"	"4,479"
41700	"Washington/Wabash"	"12/30/2018"	"U"	"4,203"
41700	"Washington/Wabash"	"12/31/2018"	"W"	"5,335"
41700	"Washington/Wabash"	"01/01/2019"	"U"	"2,690"
41700	"Washington/Wabash"	"01/02/2019"	"W"	"8,530"
41700	"Washington/Wabash"	"01/03/2019"	"W"	"9,484"
41700	"Washington/Wabash"	"01/04/2019"	"W"	"9,804"
41700	"Washington/Wabash"	"01/05/2019"	"A"	"4,830"
41700	"Washington/Wabash"	"01/06/2019"	"U"	"2,836"
41700	"Washington/Wabash"	"01/07/2019"	"W"	"9,318"
41700	"Washington/Wabash"	"01/08/2019"	"W"	"9,879"
41700	"Washington/Wabash"	"01/09/2019"	"W"	"9,741"
41700	"Washington/Wabash"	"01/10/2019"	"W"	"9,746"
41700	"Washington/Wabash"	"01/11/2019"	"W"	"9,644"
41700	"Washington/Wabash"	"01/12/2019"	"A"	"3,852"
41700	"Washington/Wabash"	"01/13/2019"	"U"	"2,697"
41700	"Washington/Wabash"	"01/14/2019"	"W"	"9,485"
41700	"Washington/Wabash"	"01/15/2019"	"W"	"9,774"
41700	"Washington/Wabash"	"01/16/2019"	"W"	"9,808"
41700	"Washington/Wabash"	"01/17/2019"	"W"	"9,983"
41700	"Washington/Wabash"	"01/18/2019"	"W"	"9,513"
41700	"Washington/Wabash"	"01/19/2019"	"A"	"3,387"
41700	"Washington/Wabash"	"01/20/2019"	"U"	"2,553"
41700	"Washington/Wabash"	"01/21/2019"	"W"	"5,535"
41700	"Washington/Wabash"	"01/22/2019"	"W"	"9,312"
41700	"Washington/Wabash"	"01/23/2019"	"W"	"9,625"
41700	"Washington/Wabash"	"01/24/2019"	"W"	"9,637"
41700	"Washington/Wabash"	"01/25/2019"	"W"	"7,688"
41700	"Washington/Wabash"	"01/26/2019"	"A"	"3,273"
41700	"Washington/Wabash"	"01/27/2019"	"U"	"2,192"
41700	"Washington/Wabash"	"01/28/2019"	"W"	"8,750"
41700	"Washington/Wabash"	"01/29/2019"	"W"	"7,689"
41700	"Washington/Wabash"	"01/30/2019"	"W"	"1,029"
41700	"Washington/Wabash"	"01/31/2019"	"W"	"3,016"
41700	"Washington/Wabash"	"02/01/2019"	"W"	"8,660"
41700	"Washington/Wabash"	"02/02/2019"	"A"	"3,927"
41700	"Washington/Wabash"	"02/03/2019"	"U"	"2,634"
41700	"Washington/Wabash"	"02/04/2019"	"W"	"9,695"
41700	"Washington/Wabash"	"02/05/2019"	"W"	"10,158"
41700	"Washington/Wabash"	"02/06/2019"	"W"	"9,909"
41700	"Washington/Wabash"	"02/07/2019"	"W"	"10,019"
41700	"Washington/Wabash"	"02/08/2019"	"W"	"9,027"
41700	"Washington/Wabash"	"02/09/2019"	"A"	"4,091"
41700	"Washington/Wabash"	"02/10/2019"	"U"	"2,345"
41700	"Washington/Wabash"	"02/11/2019"	"W"	"9,675"
41700	"Washington/Wabash"	"02/12/2019"	"W"	"9,264"
41700	"Washington/Wabash"	"02/13/2019"	"W"	"10,392"
41700	"Washington/Wabash"	"02/14/2019"	"W"	"10,394"
41700	"Washington/Wabash"	"02/15/2019"	"W"	"9,279"
41700	"Washington/Wabash"	"02/16/2019"	"A"	"4,625"
41700	"Washington/Wabash"	"02/17/2019"	"U"	"2,864"
41700	"Washington/Wabash"	"02/18/2019"	"W"	"6,862"
41700	"Washington/Wabash"	"02/19/2019"	"W"	"10,012"
41700	"Washington/Wabash"	"02/20/2019"	"W"	"9,804"
41700	"Washington/Wabash"	"02/21/2019"	"W"	"9,843"
41700	"Washington/Wabash"	"02/22/2019"	"W"	"9,704"
41700	"Washington/Wabash"	"02/23/2019"	"A"	"3,602"
41700	"Washington/Wabash"	"02/24/2019"	"U"	"2,487"
41700	"Washington/Wabash"	"02/25/2019"	"W"	"9,101"
41700	"Washington/Wabash"	"02/26/2019"	"W"	"9,366"
41700	"Washington/Wabash"	"02/27/2019"	"W"	"9,729"
41700	"Washington/Wabash"	"02/28/2019"	"W"	"9,422"
41700	"Washington/Wabash"	"03/01/2019"	"W"	"9,099"
41700	"Washington/Wabash"	"03/02/2019"	"A"	"4,387"
41700	"Washington/Wabash"	"03/03/2019"	"U"	"2,786"
41700	"Washington/Wabash"	"03/04/2019"	"W"	"8,657"
41700	"Washington/Wabash"	"03/05/2019"	"W"	"9,488"
41700	"Washington/Wabash"	"03/06/2019"	"W"	"10,200"
41700	"Washington/Wabash"	"03/07/2019"	"W"	"10,017"
41700	"Washington/Wabash"	"03/08/2019"	"W"	"9,895"
41700	"Washington/Wabash"	"03/09/2019"	"A"	"3,939"
41700	"Washington/Wabash"	"03/10/2019"	"U"	"2,906"
41700	"Washington/Wabash"	"03/11/2019"	"W"	"9,723"
41700	"Washington/Wabash"	"03/12/2019"	"W"	"10,464"
41700	"Washington/Wabash"	"03/13/2019"	"W"	"10,298"
41700	"Washington/Wabash"	"03/14/2019"	"W"	"10,415"
41700	"Washington/Wabash"	"03/15/2019"	"W"	"10,414"
41700	"Washington/Wabash"	"03/16/2019"	"A"	"8,680"
41700	"Washington/Wabash"	"03/17/2019"	"U"	"3,921"
41700	"Washington/Wabash"	"03/18/2019"	"W"	"10,009"
41700	"Washington/Wabash"	"03/19/2019"	"W"	"10,582"
41700	"Washington/Wabash"	"03/20/2019"	"W"	"10,228"
41700	"Washington/Wabash"	"03/21/2019"	"W"	"10,352"
41700	"Washington/Wabash"	"03/22/2019"	"W"	"10,064"
41700	"Washington/Wabash"	"03/23/2019"	"A"	"5,419"
41700	"Washington/Wabash"	"03/24/2019"	"U"	"3,224"
41700	"Washington/Wabash"	"03/25/2019"	"W"	"9,848"
41700	"Washington/Wabash"	"03/26/2019"	"W"	"10,171"
41700	"Washington/Wabash"	"03/27/2019"	"W"	"10,665"
41700	"Washington/Wabash"	"03/28/2019"	"W"	"10,555"
41700	"Washington/Wabash"	"03/29/2019"	"W"	"9,915"
41700	"Washington/Wabash"	"03/30/2019"	"A"	"4,359"
41700	"Washington/Wabash"	"03/31/2019"	"U"	"2,966"
41700	"Washington/Wabash"	"04/01/2019"	"W"	"9,928"
41700	"Washington/Wabash"	"04/02/2019"	"W"	"10,109"
41700	"Washington/Wabash"	"04/03/2019"	"W"	"10,642"
41700	"Washington/Wabash"	"04/04/2019"	"W"	"10,275"
41700	"Washington/Wabash"	"04/05/2019"	"W"	"10,580"
41700	"Washington/Wabash"	"04/06/2019"	"A"	"5,569"
41700	"Washington/Wabash"	"04/07/2019"	"U"	"3,338"
41700	"Washington/Wabash"	"04/08/2019"	"W"	"10,656"
41700	"Washington/Wabash"	"04/09/2019"	"W"	"10,654"
41700	"Washington/Wabash"	"04/10/2019"	"W"	"10,033"
41700	"Washington/Wabash"	"04/11/2019"	"W"	"10,709"
41700	"Washington/Wabash"	"04/12/2019"	"W"	"10,196"
41700	"Washington/Wabash"	"04/13/2019"	"A"	"5,438"
41700	"Washington/Wabash"	"04/14/2019"	"U"	"2,357"
41700	"Washington/Wabash"	"04/15/2019"	"W"	"9,563"
41700	"Washington/Wabash"	"04/16/2019"	"W"	"10,614"
41700	"Washington/Wabash"	"04/17/2019"	"W"	"10,284"
41700	"Washington/Wabash"	"04/18/2019"	"W"	"9,213"
41700	"Washington/Wabash"	"04/19/2019"	"W"	"8,671"
41700	"Washington/Wabash"	"04/20/2019"	"A"	"5,166"
41700	"Washington/Wabash"	"04/21/2019"	"U"	"3,382"
41700	"Washington/Wabash"	"04/22/2019"	"W"	"10,211"
41700	"Washington/Wabash"	"04/23/2019"	"W"	"10,022"
41700	"Washington/Wabash"	"04/24/2019"	"W"	"10,335"
41700	"Washington/Wabash"	"04/25/2019"	"W"	"10,553"
41700	"Washington/Wabash"	"04/26/2019"	"W"	"10,530"
41700	"Washington/Wabash"	"04/27/2019"	"A"	"3,686"
41700	"Washington/Wabash"	"04/28/2019"	"U"	"3,482"
41700	"Washington/Wabash"	"04/29/2019"	"W"	"9,028"
41700	"Washington/Wabash"	"04/30/2019"	"W"	"9,637"
41700	"Washington/Wabash"	"05/01/2019"	"W"	"10,204"
41700	"Washington/Wabash"	"05/02/2019"	"W"	"10,000"
41700	"Washington/Wabash"	"05/03/2019"	"W"	"10,300"
41700	"Washington/Wabash"	"05/04/2019"	"A"	"5,373"
41700	"Washington/Wabash"	"05/05/2019"	"U"	"4,288"
41700	"Washington/Wabash"	"05/06/2019"	"W"	"10,409"
41700	"Washington/Wabash"	"05/07/2019"	"W"	"9,993"
41700	"Washington/Wabash"	"05/08/2019"	"W"	"10,306"
41700	"Washington/Wabash"	"05/09/2019"	"W"	"10,529"
41700	"Washington/Wabash"	"05/10/2019"	"W"	"10,505"
41700	"Washington/Wabash"	"05/11/2019"	"A"	"4,875"
41700	"Washington/Wabash"	"05/12/2019"	"U"	"3,367"
41700	"Washington/Wabash"	"05/13/2019"	"W"	"10,479"
41700	"Washington/Wabash"	"05/14/2019"	"W"	"10,493"
41700	"Washington/Wabash"	"05/15/2019"	"W"	"10,717"
41700	"Washington/Wabash"	"05/16/2019"	"W"	"10,287"
41700	"Washington/Wabash"	"05/17/2019"	"W"	"9,990"
41700	"Washington/Wabash"	"05/18/2019"	"A"	"5,051"
41700	"Washington/Wabash"	"05/19/2019"	"U"	"3,702"
41700	"Washington/Wabash"	"05/20/2019"	"W"	"10,219"
41700	"Washington/Wabash"	"05/21/2019"	"W"	"9,775"
41700	"Washington/Wabash"	"05/22/2019"	"W"	"11,043"
41700	"Washington/Wabash"	"05/23/2019"	"W"	"11,003"
41700	"Washington/Wabash"	"05/24/2019"	"W"	"9,097"
41700	"Washington/Wabash"	"05/25/2019"	"A"	"7,210"
41700	"Washington/Wabash"	"05/26/2019"	"U"	"3,955"
41700	"Washington/Wabash"	"05/27/2019"	"U"	"3,117"
41700	"Washington/Wabash"	"05/28/2019"	"W"	"9,275"
41700	"Washington/Wabash"	"05/29/2019"	"W"	"9,907"
41700	"Washington/Wabash"	"05/30/2019"	"W"	"10,139"
41700	"Washington/Wabash"	"05/31/2019"	"W"	"10,778"
41700	"Washington/Wabash"	"06/01/2019"	"A"	"4,408"
41700	"Washington/Wabash"	"06/02/2019"	"U"	"3,776"
41700	"Washington/Wabash"	"06/03/2019"	"W"	"10,077"
41700	"Washington/Wabash"	"06/04/2019"	"W"	"10,402"
41700	"Washington/Wabash"	"06/05/2019"	"W"	"10,476"
41700	"Washington/Wabash"	"06/06/2019"	"W"	"10,214"
41700	"Washington/Wabash"	"06/07/2019"	"W"	"11,376"
41700	"Washington/Wabash"	"06/08/2019"	"A"	"7,504"
41700	"Washington/Wabash"	"06/09/2019"	"U"	"4,454"
41700	"Washington/Wabash"	"06/10/2019"	"W"	"10,384"
41700	"Washington/Wabash"	"06/11/2019"	"W"	"10,950"
41700	"Washington/Wabash"	"06/12/2019"	"W"	"10,534"
41700	"Washington/Wabash"	"06/13/2019"	"W"	"11,804"
41700	"Washington/Wabash"	"06/14/2019"	"W"	"11,749"
41700	"Washington/Wabash"	"06/15/2019"	"A"	"4,816"
41700	"Washington/Wabash"	"06/16/2019"	"U"	"4,031"
41700	"Washington/Wabash"	"06/17/2019"	"W"	"9,693"
41700	"Washington/Wabash"	"06/18/2019"	"W"	"11,339"
41700	"Washington/Wabash"	"06/19/2019"	"W"	"10,188"
41700	"Washington/Wabash"	"06/20/2019"	"W"	"11,811"
41700	"Washington/Wabash"	"06/21/2019"	"W"	"10,980"
41700	"Washington/Wabash"	"06/22/2019"	"A"	"5,591"
41700	"Washington/Wabash"	"06/23/2019"	"U"	"3,110"
41700	"Washington/Wabash"	"06/24/2019"	"W"	"10,662"
41700	"Washington/Wabash"	"06/25/2019"	"W"	"11,777"
41700	"Washington/Wabash"	"06/26/2019"	"W"	"11,630"
41700	"Washington/Wabash"	"06/27/2019"	"W"	"11,558"
41700	"Washington/Wabash"	"06/28/2019"	"W"	"11,002"
41700	"Washington/Wabash"	"06/29/2019"	"A"	"5,992"
41700	"Washington/Wabash"	"06/30/2019"	"U"	"5,632"
41700	"Washington/Wabash"	"07/01/2019"	"W"	"11,219"
41700	"Washington/Wabash"	"07/02/2019"	"W"	"10,983"
41700	"Washington/Wabash"	"07/03/2019"	"W"	"10,936"
41700	"Washington/Wabash"	"07/04/2019"	"U"	"6,229"
41700	"Washington/Wabash"	"07/05/2019"	"W"	"8,624"
41700	"Washington/Wabash"	"07/06/2019"	"A"	"5,829"
41700	"Washington/Wabash"	"07/07/2019"	"U"	"4,068"
41700	"Washington/Wabash"	"07/08/2019"	"W"	"10,912"
41700	"Washington/Wabash"	"07/09/2019"	"W"	"12,497"
41700	"Washington/Wabash"	"07/10/2019"	"W"	"11,943"
41700	"Washington/Wabash"	"07/11/2019"	"W"	"12,383"
41700	"Washington/Wabash"	"07/12/2019"	"W"	"12,183"
41700	"Washington/Wabash"	"07/13/2019"	"A"	"6,449"
41700	"Washington/Wabash"	"07/14/2019"	"U"	"4,621"
41700	"Washington/Wabash"	"07/15/2019"	"W"	"10,969"
41700	"Washington/Wabash"	"07/16/2019"	"W"	"11,233"
41700	"Washington/Wabash"	"07/17/2019"	"W"	"11,620"
41700	"Washington/Wabash"	"07/18/2019"	"W"	"11,199"
41700	"Washington/Wabash"	"07/19/2019"	"W"	"11,055"
41700	"Washington/Wabash"	"07/20/2019"	"A"	"5,271"
41700	"Washington/Wabash"	"07/21/2019"	"U"	"4,440"
41700	"Washington/Wabash"	"07/22/2019"	"W"	"11,287"
41700	"Washington/Wabash"	"07/23/2019"	"W"	"11,716"
41700	"Washington/Wabash"	"07/24/2019"	"W"	"11,907"
41700	"Washington/Wabash"	"07/25/2019"	"W"	"12,363"
41700	"Washington/Wabash"	"07/26/2019"	"W"	"11,374"
41700	"Washington/Wabash"	"07/27/2019"	"A"	"5,203"
41700	"Washington/Wabash"	"07/28/2019"	"U"	"3,482"
41700	"Washington/Wabash"	"07/29/2019"	"W"	"10,345"
41700	"Washington/Wabash"	"07/30/2019"	"W"	"11,500"
41700	"Washington/Wabash"	"07/31/2019"	"W"	"12,065"
41700	"Washington/Wabash"	"08/01/2019"	"W"	"13,090"
41700	"Washington/Wabash"	"08/02/2019"	"W"	"12,989"
41700	"Washington/Wabash"	"08/03/2019"	"A"	"7,343"
41700	"Washington/Wabash"	"08/04/2019"	"U"	"6,239"
41700	"Washington/Wabash"	"08/05/2019"	"W"	"11,394"
41700	"Washington/Wabash"	"08/06/2019"	"W"	"11,355"
41700	"Washington/Wabash"	"08/07/2019"	"W"	"12,264"
41700	"Washington/Wabash"	"08/08/2019"	"W"	"11,638"
41700	"Washington/Wabash"	"08/09/2019"	"W"	"11,495"
41700	"Washington/Wabash"	"08/10/2019"	"A"	"5,676"
41700	"Washington/Wabash"	"08/11/2019"	"U"	"3,925"
41700	"Washington/Wabash"	"08/12/2019"	"W"	"10,048"
41700	"Washington/Wabash"	"08/13/2019"	"W"	"10,844"
41700	"Washington/Wabash"	"08/14/2019"	"W"	"10,747"
41700	"Washington/Wabash"	"08/15/2019"	"W"	"11,751"
41700	"Washington/Wabash"	"08/16/2019"	"W"	"10,542"
41700	"Washington/Wabash"	"08/17/2019"	"A"	"5,362"
41700	"Washington/Wabash"	"08/18/2019"	"U"	"3,770"
41700	"Washington/Wabash"	"08/19/2019"	"W"	"10,414"
41700	"Washington/Wabash"	"08/20/2019"	"W"	"9,776"
41700	"Washington/Wabash"	"08/21/2019"	"W"	"10,637"
41700	"Washington/Wabash"	"08/22/2019"	"W"	"11,141"
41700	"Washington/Wabash"	"08/23/2019"	"W"	"10,380"
41700	"Washington/Wabash"	"08/24/2019"	"A"	"4,693"
41700	"Washington/Wabash"	"08/25/2019"	"U"	"3,309"
41700	"Washington/Wabash"	"08/26/2019"	"W"	"9,884"
41700	"Washington/Wabash"	"08/27/2019"	"W"	"12,942"
41700	"Washington/Wabash"	"08/28/2019"	"W"	"10,493"
41700	"Washington/Wabash"	"08/29/2019"	"W"	"11,431"
41700	"Washington/Wabash"	"08/30/2019"	"W"	"11,467"
41700	"Washington/Wabash"	"08/31/2019"	"A"	"6,998"
41700	"Washington/Wabash"	"09/01/2019"	"U"	"5,500"
41700	"Washington/Wabash"	"09/02/2019"	"U"	"4,541"
41700	"Washington/Wabash"	"09/03/2019"	"W"	"10,053"
41700	"Washington/Wabash"	"09/04/2019"	"W"	"11,006"
41700	"Washington/Wabash"	"09/05/2019"	"W"	"11,500"
41700	"Washington/Wabash"	"09/06/2019"	"W"	"11,181"
41700	"Washington/Wabash"	"09/07/2019"	"A"	"5,239"
41700	"Washington/Wabash"	"09/08/2019"	"U"	"3,241"
41700	"Washington/Wabash"	"09/09/2019"	"W"	"10,725"
41700	"Washington/Wabash"	"09/10/2019"	"W"	"11,041"
41700	"Washington/Wabash"	"09/11/2019"	"W"	"10,946"
41700	"Washington/Wabash"	"09/12/2019"	"W"	"12,200"
41700	"Washington/Wabash"	"09/13/2019"	"W"	"11,221"
41700	"Washington/Wabash"	"09/14/2019"	"A"	"6,151"
41700	"Washington/Wabash"	"09/15/2019"	"U"	"3,989"
41700	"Washington/Wabash"	"09/16/2019"	"W"	"10,616"
41700	"Washington/Wabash"	"09/17/2019"	"W"	"11,374"
41700	"Washington/Wabash"	"09/18/2019"	"W"	"11,047"
41700	"Washington/Wabash"	"09/19/2019"	"W"	"11,479"
41700	"Washington/Wabash"	"09/20/2019"	"W"	"11,310"
41700	"Washington/Wabash"	"09/21/2019"	"A"	"4,651"
41700	"Washington/Wabash"	"09/22/2019"	"U"	"2,635"
41700	"Washington/Wabash"	"09/23/2019"	"W"	"11,050"
41700	"Washington/Wabash"	"09/24/2019"	"W"	"11,056"
41700	"Washington/Wabash"	"09/25/2019"	"W"	"11,202"
41700	"Washington/Wabash"	"09/26/2019"	"W"	"11,385"
41700	"Washington/Wabash"	"09/27/2019"	"W"	"9,979"
41700	"Washington/Wabash"	"09/28/2019"	"A"	"4,439"
41700	"Washington/Wabash"	"09/29/2019"	"U"	"2,996"
41700	"Washington/Wabash"	"09/30/2019"	"W"	"10,673"
41700	"Washington/Wabash"	"10/01/2019"	"W"	"11,681"
41700	"Washington/Wabash"	"10/02/2019"	"W"	"10,617"
41700	"Washington/Wabash"	"10/03/2019"	"W"	"11,116"
41700	"Washington/Wabash"	"10/04/2019"	"W"	"10,741"
41700	"Washington/Wabash"	"10/05/2019"	"A"	"4,335"
41700	"Washington/Wabash"	"10/06/2019"	"U"	"3,118"
41700	"Washington/Wabash"	"10/07/2019"	"W"	"10,954"
41700	"Washington/Wabash"	"10/08/2019"	"W"	"11,089"
41700	"Washington/Wabash"	"10/09/2019"	"W"	"10,995"
41700	"Washington/Wabash"	"10/10/2019"	"W"	"11,468"
41700	"Washington/Wabash"	"10/11/2019"	"W"	"11,138"
41700	"Washington/Wabash"	"10/12/2019"	"A"	"6,393"
41700	"Washington/Wabash"	"10/13/2019"	"U"	"6,302"
41700	"Washington/Wabash"	"10/14/2019"	"W"	"10,486"
41700	"Washington/Wabash"	"10/15/2019"	"W"	"11,135"
41700	"Washington/Wabash"	"10/16/2019"	"W"	"11,071"
41700	"Washington/Wabash"	"10/17/2019"	"W"	"11,623"
41700	"Washington/Wabash"	"10/18/2019"	"W"	"11,253"
41700	"Washington/Wabash"	"10/19/2019"	"A"	"6,780"
41700	"Washington/Wabash"	"10/20/2019"	"U"	"4,064"
41700	"Washington/Wabash"	"10/21/2019"	"W"	"10,522"
41700	"Washington/Wabash"	"10/22/2019"	"W"	"10,406"
41700	"Washington/Wabash"	"10/23/2019"	"W"	"11,331"
41700	"Washington/Wabash"	"10/24/2019"	"W"	"11,188"
41700	"Washington/Wabash"	"10/25/2019"	"W"	"10,666"
41700	"Washington/Wabash"	"10/26/2019"	"A"	"3,946"
41700	"Washington/Wabash"	"10/27/2019"	"U"	"3,720"
41700	"Washington/Wabash"	"10/28/2019"	"W"	"10,740"
41700	"Washington/Wabash"	"10/29/2019"	"W"	"10,268"
41700	"Washington/Wabash"	"10/30/2019"	"W"	"10,341"
41700	"Washington/Wabash"	"10/31/2019"	"W"	"12,340"
41700	"Washington/Wabash"	"11/01/2019"	"W"	"9,799"
41700	"Washington/Wabash"	"11/02/2019"	"A"	"4,738"
41700	"Washington/Wabash"	"11/03/2019"	"U"	"4,504"
41700	"Washington/Wabash"	"11/04/2019"	"W"	"10,774"
41700	"Washington/Wabash"	"11/05/2019"	"W"	"10,733"
41700	"Washington/Wabash"	"11/06/2019"	"W"	"10,637"
41700	"Washington/Wabash"	"11/07/2019"	"W"	"10,650"
41700	"Washington/Wabash"	"11/08/2019"	"W"	"10,024"
41700	"Washington/Wabash"	"11/09/2019"	"A"	"4,753"
41700	"Washington/Wabash"	"11/10/2019"	"U"	"3,138"
41700	"Washington/Wabash"	"11/11/2019"	"W"	"7,652"
41700	"Washington/Wabash"	"11/12/2019"	"W"	"9,975"
41700	"Washington/Wabash"	"11/13/2019"	"W"	"10,371"
41700	"Washington/Wabash"	"11/14/2019"	"W"	"10,580"
41700	"Washington/Wabash"	"11/15/2019"	"W"	"10,764"
41700	"Washington/Wabash"	"11/16/2019"	"A"	"5,346"
41700	"Washington/Wabash"	"11/17/2019"	"U"	"3,320"
41700	"Washington/Wabash"	"11/18/2019"	"W"	"10,606"
41700	"Washington/Wabash"	"11/19/2019"	"W"	"10,688"
41700	"Washington/Wabash"	"11/20/2019"	"W"	"10,861"
41700	"Washington/Wabash"	"11/21/2019"	"W"	"10,857"
41700	"Washington/Wabash"	"11/22/2019"	"W"	"18,251"
41700	"Washington/Wabash"	"11/23/2019"	"A"	"7,576"
41700	"Washington/Wabash"	"11/24/2019"	"U"	"4,298"
41700	"Washington/Wabash"	"11/25/2019"	"W"	"11,279"
41700	"Washington/Wabash"	"11/26/2019"	"W"	"10,112"
41700	"Washington/Wabash"	"11/27/2019"	"W"	"8,810"
41700	"Washington/Wabash"	"11/28/2019"	"U"	"2,562"
41700	"Washington/Wabash"	"11/29/2019"	"W"	"7,391"
41700	"Washington/Wabash"	"11/30/2019"	"A"	"4,301"
41700	"Washington/Wabash"	"12/01/2019"	"U"	"3,181"
41700	"Washington/Wabash"	"12/02/2019"	"W"	"10,486"
41700	"Washington/Wabash"	"12/03/2019"	"W"	"10,835"
41700	"Washington/Wabash"	"12/04/2019"	"W"	"11,049"
41700	"Washington/Wabash"	"12/05/2019"	"W"	"11,273"
41700	"Washington/Wabash"	"12/06/2019"	"W"	"10,844"
41700	"Washington/Wabash"	"12/07/2019"	"A"	"6,371"
41700	"Washington/Wabash"	"12/08/2019"	"U"	"4,002"
41700	"Washington/Wabash"	"12/09/2019"	"W"	"10,395"
41700	"Washington/Wabash"	"12/10/2019"	"W"	"10,481"
41700	"Washington/Wabash"	"12/11/2019"	"W"	"10,605"
41700	"Washington/Wabash"	"12/12/2019"	"W"	"10,702"
41700	"Washington/Wabash"	"12/13/2019"	"W"	"11,139"
41700	"Washington/Wabash"	"12/14/2019"	"A"	"4,852"
41700	"Washington/Wabash"	"12/15/2019"	"U"	"2,929"
41700	"Washington/Wabash"	"12/16/2019"	"W"	"10,634"
41700	"Washington/Wabash"	"12/17/2019"	"W"	"10,809"
41700	"Washington/Wabash"	"12/18/2019"	"W"	"10,327"
41700	"Washington/Wabash"	"12/19/2019"	"W"	"10,366"
41700	"Washington/Wabash"	"12/20/2019"	"W"	"10,729"
41700	"Washington/Wabash"	"12/21/2019"	"A"	"5,801"
41700	"Washington/Wabash"	"12/22/2019"	"U"	"4,821"
41700	"Washington/Wabash"	"12/23/2019"	"W"	"10,337"
41700	"Washington/Wabash"	"12/24/2019"	"W"	"5,716"
41700	"Washington/Wabash"	"12/25/2019"	"U"	"2,530"
41700	"Washington/Wabash"	"12/26/2019"	"W"	"8,264"
41700	"Washington/Wabash"	"12/27/2019"	"W"	"7,871"
41700	"Washington/Wabash"	"12/28/2019"	"A"	"4,474"
41700	"Washington/Wabash"	"12/29/2019"	"U"	"3,750"
41700	"Washington/Wabash"	"12/30/2019"	"W"	"7,885"
41700	"Washington/Wabash"	"12/31/2019"	"W"	"6,064"
41700	"Washington/Wabash"	"01/01/2020"	"U"	"2,972"
41700	"Washington/Wabash"	"01/02/2020"	"W"	"8,550"
41700	"Washington/Wabash"	"01/03/2020"	"W"	"8,830"
41700	"Washington/Wabash"	"01/04/2020"	"A"	"4,105"
41700	"Washington/Wabash"	"01/05/2020"	"U"	"2,883"
41700	"Washington/Wabash"	"01/06/2020"	"W"	"9,388"
41700	"Washington/Wabash"	"01/07/2020"	"W"	"10,364"
41700	"Washington/Wabash"	"01/08/2020"	"W"	"9,600"
41700	"Washington/Wabash"	"01/09/2020"	"W"	"10,144"
41700	"Washington/Wabash"	"01/10/2020"	"W"	"9,709"
41700	"Washington/Wabash"	"01/11/2020"	"A"	"3,159"
41700	"Washington/Wabash"	"01/12/2020"	"U"	"2,494"
41700	"Washington/Wabash"	"01/13/2020"	"W"	"9,847"
41700	"Washington/Wabash"	"01/14/2020"	"W"	"10,113"
41700	"Washington/Wabash"	"01/15/2020"	"W"	"10,142"
41700	"Washington/Wabash"	"01/16/2020"	"W"	"10,029"
41700	"Washington/Wabash"	"01/17/2020"	"W"	"9,435"
41700	"Washington/Wabash"	"01/18/2020"	"A"	"3,620"
41700	"Washington/Wabash"	"01/19/2020"	"U"	"2,302"
41700	"Washington/Wabash"	"01/20/2020"	"W"	"5,926"
41700	"Washington/Wabash"	"01/21/2020"	"W"	"9,622"
41700	"Washington/Wabash"	"01/22/2020"	"W"	"9,842"
41700	"Washington/Wabash"	"01/23/2020"	"W"	"10,016"
41700	"Washington/Wabash"	"01/24/2020"	"W"	"9,116"
41700	"Washington/Wabash"	"01/25/2020"	"A"	"3,949"
41700	"Washington/Wabash"	"01/26/2020"	"U"	"2,972"
41700	"Washington/Wabash"	"01/27/2020"	"W"	"9,846"
41700	"Washington/Wabash"	"01/28/2020"	"W"	"9,984"
41700	"Washington/Wabash"	"01/29/2020"	"W"	"9,866"
41700	"Washington/Wabash"	"01/30/2020"	"W"	"10,118"
41700	"Washington/Wabash"	"01/31/2020"	"W"	"9,534"
41700	"Washington/Wabash"	"02/01/2020"	"A"	"3,806"
41700	"Washington/Wabash"	"02/02/2020"	"U"	"2,873"
41700	"Washington/Wabash"	"02/03/2020"	"W"	"9,857"
41700	"Washington/Wabash"	"02/04/2020"	"W"	"9,768"
41700	"Washington/Wabash"	"02/05/2020"	"W"	"9,903"
41700	"Washington/Wabash"	"02/06/2020"	"W"	"9,644"
41700	"Washington/Wabash"	"02/07/2020"	"W"	"9,669"
41700	"Washington/Wabash"	"02/08/2020"	"A"	"3,603"
41700	"Washington/Wabash"	"02/09/2020"	"U"	"2,212"
41700	"Washington/Wabash"	"02/10/2020"	"W"	"9,844"
41700	"Washington/Wabash"	"02/11/2020"	"W"	"10,003"
41700	"Washington/Wabash"	"02/12/2020"	"W"	"9,825"
41700	"Washington/Wabash"	"02/13/2020"	"W"	"9,469"
41700	"Washington/Wabash"	"02/14/2020"	"W"	"8,850"
41700	"Washington/Wabash"	"02/15/2020"	"A"	"4,222"
41700	"Washington/Wabash"	"02/16/2020"	"U"	"3,230"
41700	"Washington/Wabash"	"02/17/2020"	"W"	"6,825"
41700	"Washington/Wabash"	"02/18/2020"	"W"	"9,948"
41700	"Washington/Wabash"	"02/19/2020"	"W"	"9,917"
41700	"Washington/Wabash"	"02/20/2020"	"W"	"10,052"
41700	"Washington/Wabash"	"02/21/2020"	"W"	"9,342"
41700	"Washington/Wabash"	"02/22/2020"	"A"	"4,612"
41700	"Washington/Wabash"	"02/23/2020"	"U"	"3,665"
41700	"Washington/Wabash"	"02/24/2020"	"W"	"9,776"
41700	"Washington/Wabash"	"02/25/2020"	"W"	"9,638"
41700	"Washington/Wabash"	"02/26/2020"	"W"	"9,662"
41700	"Washington/Wabash"	"02/27/2020"	"W"	"9,552"
41700	"Washington/Wabash"	"02/28/2020"	"W"	"9,599"
41700	"Washington/Wabash"	"02/29/2020"	"A"	"141"
41700	"Washington/Wabash"	"03/01/2020"	"U"	"3,203"
41700	"Washington/Wabash"	"03/02/2020"	"W"	"9,748"
41700	"Washington/Wabash"	"03/03/2020"	"W"	"10,048"
41700	"Washington/Wabash"	"03/04/2020"	"W"	"10,296"
41700	"Washington/Wabash"	"03/05/2020"	"W"	"10,300"
41700	"Washington/Wabash"	"03/06/2020"	"W"	"9,591"
41700	"Washington/Wabash"	"03/07/2020"	"A"	"5,601"
41700	"Washington/Wabash"	"03/08/2020"	"U"	"3,721"
41700	"Washington/Wabash"	"03/09/2020"	"W"	"9,243"
41700	"Washington/Wabash"	"03/10/2020"	"W"	"9,687"
41700	"Washington/Wabash"	"03/11/2020"	"W"	"9,340"
41700	"Washington/Wabash"	"03/12/2020"	"W"	"8,748"
41700	"Washington/Wabash"	"03/13/2020"	"W"	"7,603"
41700	"Washington/Wabash"	"03/14/2020"	"A"	"2,701"
41700	"Washington/Wabash"	"03/15/2020"	"U"	"1,823"
41700	"Washington/Wabash"	"03/16/2020"	"W"	"4,210"
41700	"Washington/Wabash"	"03/17/2020"	"W"	"2,996"
41700	"Washington/Wabash"	"03/18/2020"	"W"	"2,282"
41700	"Washington/Wabash"	"03/19/2020"	"W"	"2,032"
41700	"Washington/Wabash"	"03/20/2020"	"W"	"1,765"
41700	"Washington/Wabash"	"03/21/2020"	"A"	"708"
41700	"Washington/Wabash"	"03/22/2020"	"U"	"466"
41700	"Washington/Wabash"	"03/23/2020"	"W"	"1,111"
41700	"Washington/Wabash"	"03/24/2020"	"W"	"1,052"
41700	"Washington/Wabash"	"03/25/2020"	"W"	"1,113"
41700	"Washington/Wabash"	"03/26/2020"	"W"	"1,029"
41700	"Washington/Wabash"	"03/27/2020"	"W"	"1,052"
41700	"Washington/Wabash"	"03/28/2020"	"A"	"535"
41700	"Washington/Wabash"	"03/29/2020"	"U"	"468"
41700	"Washington/Wabash"	"03/30/2020"	"W"	"1,023"
41700	"Washington/Wabash"	"03/31/2020"	"W"	"1,038"
41700	"Washington/Wabash"	"04/01/2020"	"W"	"1,021"
41700	"Washington/Wabash"	"04/02/2020"	"W"	"976"
41700	"Washington/Wabash"	"04/03/2020"	"W"	"1,049"
41700	"Washington/Wabash"	"04/04/2020"	"A"	"538"
41700	"Washington/Wabash"	"04/05/2020"	"U"	"406"
41700	"Washington/Wabash"	"04/06/2020"	"W"	"984"
41700	"Washington/Wabash"	"04/07/2020"	"W"	"917"
41700	"Washington/Wabash"	"04/08/2020"	"W"	"846"
41700	"Washington/Wabash"	"04/09/2020"	"W"	"795"
41700	"Washington/Wabash"	"04/10/2020"	"W"	"820"
41700	"Washington/Wabash"	"04/11/2020"	"A"	"431"
41700	"Washington/Wabash"	"04/12/2020"	"U"	"348"
41700	"Washington/Wabash"	"04/13/2020"	"W"	"845"
41700	"Washington/Wabash"	"04/14/2020"	"W"	"774"
41700	"Washington/Wabash"	"04/15/2020"	"W"	"799"
41700	"Washington/Wabash"	"04/16/2020"	"W"	"805"
41700	"Washington/Wabash"	"04/17/2020"	"W"	"786"
41700	"Washington/Wabash"	"04/18/2020"	"A"	"446"
41700	"Washington/Wabash"	"04/19/2020"	"U"	"368"
41700	"Washington/Wabash"	"04/20/2020"	"W"	"854"
41700	"Washington/Wabash"	"04/21/2020"	"W"	"864"
41700	"Washington/Wabash"	"04/22/2020"	"W"	"791"
41700	"Washington/Wabash"	"04/23/2020"	"W"	"792"
41700	"Washington/Wabash"	"04/24/2020"	"W"	"903"
41700	"Washington/Wabash"	"04/25/2020"	"A"	"436"
41700	"Washington/Wabash"	"04/26/2020"	"U"	"419"
41700	"Washington/Wabash"	"04/27/2020"	"W"	"883"
41700	"Washington/Wabash"	"04/28/2020"	"W"	"880"
41700	"Washington/Wabash"	"04/29/2020"	"W"	"768"
41700	"Washington/Wabash"	"04/30/2020"	"W"	"880"
41700	"Washington/Wabash"	"05/01/2020"	"W"	"943"
41700	"Washington/Wabash"	"05/02/2020"	"A"	"700"
41700	"Washington/Wabash"	"05/03/2020"	"U"	"555"
41700	"Washington/Wabash"	"05/04/2020"	"W"	"932"
41700	"Washington/Wabash"	"05/05/2020"	"W"	"849"
41700	"Washington/Wabash"	"05/06/2020"	"W"	"911"
41700	"Washington/Wabash"	"05/07/2020"	"W"	"946"
41700	"Washington/Wabash"	"05/08/2020"	"W"	"911"
41700	"Washington/Wabash"	"05/09/2020"	"A"	"668"
41700	"Washington/Wabash"	"05/10/2020"	"U"	"449"
41700	"Washington/Wabash"	"05/11/2020"	"W"	"920"
41700	"Washington/Wabash"	"05/12/2020"	"W"	"864"
41700	"Washington/Wabash"	"05/13/2020"	"W"	"919"
41700	"Washington/Wabash"	"05/14/2020"	"W"	"846"
41700	"Washington/Wabash"	"05/15/2020"	"W"	"922"
41700	"Washington/Wabash"	"05/16/2020"	"A"	"703"
41700	"Washington/Wabash"	"05/17/2020"	"U"	"499"
41700	"Washington/Wabash"	"05/18/2020"	"W"	"1,028"
41700	"Washington/Wabash"	"05/19/2020"	"W"	"925"
41700	"Washington/Wabash"	"05/20/2020"	"W"	"1,010"
41700	"Washington/Wabash"	"05/21/2020"	"W"	"1,022"
41700	"Washington/Wabash"	"05/22/2020"	"W"	"1,056"
41700	"Washington/Wabash"	"05/23/2020"	"A"	"569"
41700	"Washington/Wabash"	"05/24/2020"	"U"	"540"
41700	"Washington/Wabash"	"05/25/2020"	"U"	"468"
41700	"Washington/Wabash"	"05/26/2020"	"W"	"1,055"
41700	"Washington/Wabash"	"05/27/2020"	"W"	"1,073"
41700	"Washington/Wabash"	"05/28/2020"	"W"	"1,126"
41700	"Washington/Wabash"	"05/29/2020"	"W"	"1,121"
41700	"Washington/Wabash"	"05/30/2020"	"A"	"455"
41700	"Washington/Wabash"	"05/31/2020"	"U"	"3"
41700	"Washington/Wabash"	"06/01/2020"	"W"	"0"
41700	"Washington/Wabash"	"06/02/2020"	"W"	"0"
41700	"Washington/Wabash"	"06/03/2020"	"W"	"1,089"
41700	"Washington/Wabash"	"06/04/2020"	"W"	"1,236"
41700	"Washington/Wabash"	"06/05/2020"	"W"	"1,424"
41700	"Washington/Wabash"	"06/06/2020"	"A"	"932"
41700	"Washington/Wabash"	"06/07/2020"	"U"	"514"
41700	"Washington/Wabash"	"06/08/2020"	"W"	"1,479"
41700	"Washington/Wabash"	"06/09/2020"	"W"	"1,362"
41700	"Washington/Wabash"	"06/10/2020"	"W"	"1,464"
41700	"Washington/Wabash"	"06/11/2020"	"W"	"1,620"
41700	"Washington/Wabash"	"06/12/2020"	"W"	"1,659"
41700	"Washington/Wabash"	"06/13/2020"	"A"	"1,026"
41700	"Washington/Wabash"	"06/14/2020"	"U"	"767"
41700	"Washington/Wabash"	"06/15/2020"	"W"	"1,787"
41700	"Washington/Wabash"	"06/16/2020"	"W"	"1,836"
41700	"Washington/Wabash"	"06/17/2020"	"W"	"1,930"
41700	"Washington/Wabash"	"06/18/2020"	"W"	"1,953"
41700	"Washington/Wabash"	"06/19/2020"	"W"	"1,928"
41700	"Washington/Wabash"	"06/20/2020"	"A"	"1,176"
41700	"Washington/Wabash"	"06/21/2020"	"U"	"892"
41700	"Washington/Wabash"	"06/22/2020"	"W"	"1,807"
41700	"Washington/Wabash"	"06/23/2020"	"W"	"2,108"
41700	"Washington/Wabash"	"06/24/2020"	"W"	"2,076"
41700	"Washington/Wabash"	"06/25/2020"	"W"	"2,286"
41700	"Washington/Wabash"	"06/26/2020"	"W"	"2,095"
41700	"Washington/Wabash"	"06/27/2020"	"A"	"1,526"
41700	"Washington/Wabash"	"06/28/2020"	"U"	"1,189"
41700	"Washington/Wabash"	"06/29/2020"	"W"	"2,152"
41700	"Washington/Wabash"	"06/30/2020"	"W"	"2,300"
41700	"Washington/Wabash"	"09/16/2017"	"A"	"6,457"
41700	"Washington/Wabash"	"11/01/2017"	"W"	"9,695"
41700	"Washington/Wabash"	"11/21/2017"	"W"	"10,284"
41700	"Washington/Wabash"	"08/23/2017"	"W"	"0"
41700	"Washington/Wabash"	"10/16/2017"	"W"	"10,199"
41700	"Washington/Wabash"	"08/28/2017"	"W"	"7"
41700	"Washington/Wabash"	"11/13/2017"	"W"	"9,877"
41700	"Washington/Wabash"	"10/14/2017"	"A"	"4,506"
41700	"Washington/Wabash"	"10/28/2017"	"A"	"51"
41700	"Washington/Wabash"	"10/18/2017"	"W"	"10,035"
41700	"Washington/Wabash"	"11/20/2017"	"W"	"10,449"
41700	"Washington/Wabash"	"08/30/2017"	"W"	"96"
41700	"Washington/Wabash"	"08/03/2017"	"W"	"0"
41700	"Washington/Wabash"	"09/10/2017"	"U"	"3,842"
41700	"Washington/Wabash"	"08/06/2017"	"U"	"0"
41700	"Washington/Wabash"	"11/17/2017"	"W"	"11,510"
41700	"Washington/Wabash"	"10/08/2017"	"U"	"6,389"
41700	"Washington/Wabash"	"11/08/2017"	"W"	"10,110"
41700	"Washington/Wabash"	"08/19/2017"	"A"	"0"
41700	"Washington/Wabash"	"09/03/2017"	"U"	"6,857"
41700	"Washington/Wabash"	"11/14/2017"	"W"	"10,080"
41700	"Washington/Wabash"	"08/04/2017"	"W"	"0"
41700	"Washington/Wabash"	"08/10/2017"	"W"	"0"
41700	"Washington/Wabash"	"09/22/2017"	"W"	"10,102"
41700	"Washington/Wabash"	"08/25/2017"	"W"	"0"
41700	"Washington/Wabash"	"11/23/2017"	"U"	"2,965"
41700	"Washington/Wabash"	"11/03/2017"	"W"	"10,240"
41700	"Washington/Wabash"	"11/19/2017"	"U"	"4,607"
41700	"Washington/Wabash"	"08/02/2017"	"W"	"0"
41700	"Washington/Wabash"	"09/01/2017"	"W"	"6,932"
41700	"Washington/Wabash"	"10/29/2017"	"U"	"57"
41700	"Washington/Wabash"	"10/11/2017"	"W"	"9,937"
41700	"Washington/Wabash"	"11/28/2017"	"W"	"10,505"
41700	"Washington/Wabash"	"08/31/2017"	"W"	"6,244"
41700	"Washington/Wabash"	"10/07/2017"	"A"	"5,983"
41700	"Washington/Wabash"	"11/30/2017"	"W"	"10,653"
41700	"Washington/Wabash"	"08/16/2017"	"W"	"0"
41700	"Washington/Wabash"	"10/06/2017"	"W"	"10,640"
41700	"Washington/Wabash"	"11/12/2017"	"U"	"4,508"
41700	"Washington/Wabash"	"09/27/2017"	"W"	"10,072"
41700	"Washington/Wabash"	"09/18/2017"	"W"	"10,030"
41700	"Washington/Wabash"	"09/05/2017"	"W"	"10,233"
41700	"Washington/Wabash"	"10/23/2017"	"W"	"9,524"
41700	"Washington/Wabash"	"11/29/2017"	"W"	"10,437"
41700	"Washington/Wabash"	"09/19/2017"	"W"	"10,120"
41700	"Washington/Wabash"	"08/05/2017"	"A"	"0"
41700	"Washington/Wabash"	"11/18/2017"	"A"	"6,670"
41700	"Washington/Wabash"	"11/22/2017"	"W"	"9,451"
41700	"Washington/Wabash"	"09/06/2017"	"W"	"10,068"
41700	"Washington/Wabash"	"08/24/2017"	"W"	"0"
41700	"Washington/Wabash"	"11/05/2017"	"U"	"3,176"
41700	"Washington/Wabash"	"11/25/2017"	"A"	"6,651"
41700	"Washington/Wabash"	"09/09/2017"	"A"	"5,733"
41700	"Washington/Wabash"	"08/27/2017"	"U"	"0"
41700	"Washington/Wabash"	"10/27/2017"	"W"	"9,810"
41700	"Washington/Wabash"	"10/21/2017"	"A"	"6,814"
41700	"Washington/Wabash"	"08/26/2017"	"A"	"0"
41700	"Washington/Wabash"	"08/13/2017"	"U"	"0"
41700	"Washington/Wabash"	"10/26/2017"	"W"	"10,487"
41700	"Washington/Wabash"	"10/22/2017"	"U"	"3,297"
41700	"Washington/Wabash"	"09/23/2017"	"A"	"5,840"
41700	"Washington/Wabash"	"09/15/2017"	"W"	"10,983"
41700	"Washington/Wabash"	"11/11/2017"	"A"	"7,546"
41700	"Washington/Wabash"	"11/06/2017"	"W"	"9,879"
41700	"Washington/Wabash"	"10/20/2017"	"W"	"10,295"
41700	"Washington/Wabash"	"09/07/2017"	"W"	"10,034"
41700	"Washington/Wabash"	"09/24/2017"	"U"	"4,209"
41700	"Washington/Wabash"	"11/10/2017"	"W"	"8,829"
41700	"Washington/Wabash"	"08/01/2017"	"W"	"0"
41700	"Washington/Wabash"	"11/24/2017"	"W"	"8,889"
41700	"Washington/Wabash"	"10/25/2017"	"W"	"10,357"
41700	"Washington/Wabash"	"08/29/2017"	"W"	"45"
41700	"Washington/Wabash"	"09/26/2017"	"W"	"10,019"
41700	"Washington/Wabash"	"10/13/2017"	"W"	"10,708"
41700	"Washington/Wabash"	"11/09/2017"	"W"	"10,250"
41700	"Washington/Wabash"	"09/21/2017"	"W"	"10,150"
41700	"Washington/Wabash"	"11/15/2017"	"W"	"10,199"
41700	"Washington/Wabash"	"11/04/2017"	"A"	"4,538"
41700	"Washington/Wabash"	"08/14/2017"	"W"	"0"
41700	"Washington/Wabash"	"10/24/2017"	"W"	"9,793"
41700	"Washington/Wabash"	"09/28/2017"	"W"	"10,402"
41700	"Washington/Wabash"	"09/12/2017"	"W"	"10,466"
41700	"Washington/Wabash"	"10/04/2017"	"W"	"10,067"
41700	"Washington/Wabash"	"09/17/2017"	"U"	"4,502"
41700	"Washington/Wabash"	"10/15/2017"	"U"	"4,046"
41700	"Washington/Wabash"	"09/20/2017"	"W"	"10,152"
41700	"Washington/Wabash"	"09/02/2017"	"A"	"5,299"
41700	"Washington/Wabash"	"10/01/2017"	"U"	"4,260"
41700	"Washington/Wabash"	"08/12/2017"	"A"	"0"
41700	"Washington/Wabash"	"08/22/2017"	"W"	"0"
41700	"Washington/Wabash"	"10/05/2017"	"W"	"9,987"
41700	"Washington/Wabash"	"09/13/2017"	"W"	"9,858"
41700	"Washington/Wabash"	"09/29/2017"	"W"	"10,169"
41700	"Washington/Wabash"	"10/30/2017"	"W"	"9,712"
41700	"Washington/Wabash"	"10/19/2017"	"W"	"10,809"
41700	"Washington/Wabash"	"11/26/2017"	"U"	"4,122"
41700	"Washington/Wabash"	"09/14/2017"	"W"	"10,573"
41700	"Washington/Wabash"	"08/20/2017"	"U"	"0"
41700	"Washington/Wabash"	"09/04/2017"	"U"	"4,555"
41700	"Washington/Wabash"	"09/30/2017"	"A"	"5,422"
41700	"Washington/Wabash"	"08/17/2017"	"W"	"0"
41700	"Washington/Wabash"	"08/21/2017"	"W"	"0"
41700	"Washington/Wabash"	"09/08/2017"	"W"	"10,908"
41700	"Washington/Wabash"	"08/11/2017"	"W"	"0"
41700	"Washington/Wabash"	"11/16/2017"	"W"	"10,039"
41700	"Washington/Wabash"	"10/12/2017"	"W"	"10,387"
41700	"Washington/Wabash"	"10/09/2017"	"W"	"9,914"
41700	"Washington/Wabash"	"11/27/2017"	"W"	"10,244"
41700	"Washington/Wabash"	"08/09/2017"	"W"	"0"
41700	"Washington/Wabash"	"10/03/2017"	"W"	"10,152"
41700	"Washington/Wabash"	"09/25/2017"	"W"	"9,926"
41700	"Washington/Wabash"	"10/17/2017"	"W"	"10,365"
41700	"Washington/Wabash"	"09/11/2017"	"W"	"9,838"
41700	"Washington/Wabash"	"08/18/2017"	"W"	"0"
41700	"Washington/Wabash"	"08/07/2017"	"W"	"0"
41700	"Washington/Wabash"	"10/02/2017"	"W"	"9,791"
41700	"Washington/Wabash"	"08/08/2017"	"W"	"0"
41700	"Washington/Wabash"	"08/15/2017"	"W"	"0"
41700	"Washington/Wabash"	"11/02/2017"	"W"	"10,030"
41700	"Washington/Wabash"	"10/31/2017"	"W"	"9,454"
41700	"Washington/Wabash"	"10/10/2017"	"W"	"10,184"
41700	"Washington/Wabash"	"11/07/2017"	"W"	"9,993"
41700	"Washington/Wabash"	"07/01/2020"	"W"	"2,350"
41700	"Washington/Wabash"	"07/02/2020"	"W"	"2,402"
41700	"Washington/Wabash"	"07/03/2020"	"U"	"1,875"
41700	"Washington/Wabash"	"07/04/2020"	"A"	"1,406"
41700	"Washington/Wabash"	"07/05/2020"	"U"	"1,265"
41700	"Washington/Wabash"	"07/06/2020"	"W"	"2,332"
41700	"Washington/Wabash"	"07/07/2020"	"W"	"2,431"
41700	"Washington/Wabash"	"07/08/2020"	"W"	"2,424"
41700	"Washington/Wabash"	"07/09/2020"	"W"	"2,420"
41700	"Washington/Wabash"	"07/10/2020"	"W"	"2,495"
41700	"Washington/Wabash"	"07/11/2020"	"A"	"1,548"
41700	"Washington/Wabash"	"07/12/2020"	"U"	"1,305"
41700	"Washington/Wabash"	"07/13/2020"	"W"	"2,585"
41700	"Washington/Wabash"	"07/14/2020"	"W"	"2,612"
41700	"Washington/Wabash"	"07/15/2020"	"W"	"2,457"
41700	"Washington/Wabash"	"07/16/2020"	"W"	"2,588"
41700	"Washington/Wabash"	"07/17/2020"	"W"	"2,674"
41700	"Washington/Wabash"	"07/18/2020"	"A"	"1,602"
41700	"Washington/Wabash"	"07/19/2020"	"U"	"1,009"
41700	"Washington/Wabash"	"07/20/2020"	"W"	"2,573"
41700	"Washington/Wabash"	"07/21/2020"	"W"	"2,433"
41700	"Washington/Wabash"	"07/22/2020"	"W"	"2,517"
41700	"Washington/Wabash"	"07/23/2020"	"W"	"2,632"
41700	"Washington/Wabash"	"07/24/2020"	"W"	"2,631"
41700	"Washington/Wabash"	"07/25/2020"	"A"	"1,600"
41700	"Washington/Wabash"	"07/26/2020"	"U"	"1,135"
41700	"Washington/Wabash"	"07/27/2020"	"W"	"2,346"
41700	"Washington/Wabash"	"07/28/2020"	"W"	"2,516"
41700	"Washington/Wabash"	"07/29/2020"	"W"	"2,444"
41700	"Washington/Wabash"	"07/30/2020"	"W"	"2,608"
41700	"Washington/Wabash"	"07/31/2020"	"W"	"2,656"
41700	"Washington/Wabash"	"08/01/2020"	"A"	"1,621"
41700	"Washington/Wabash"	"08/02/2020"	"U"	"1,098"
41700	"Washington/Wabash"	"08/03/2020"	"W"	"2,532"
41700	"Washington/Wabash"	"08/04/2020"	"W"	"2,671"
41700	"Washington/Wabash"	"08/05/2020"	"W"	"2,628"
41700	"Washington/Wabash"	"08/06/2020"	"W"	"2,646"
41700	"Washington/Wabash"	"08/07/2020"	"W"	"2,779"
41700	"Washington/Wabash"	"08/08/2020"	"A"	"1,727"
41700	"Washington/Wabash"	"08/09/2020"	"U"	"1,382"
41700	"Washington/Wabash"	"08/10/2020"	"W"	"862"
41700	"Washington/Wabash"	"08/11/2020"	"W"	"1,995"
41700	"Washington/Wabash"	"08/12/2020"	"W"	"2,224"
41700	"Washington/Wabash"	"08/13/2020"	"W"	"2,264"
41700	"Washington/Wabash"	"08/14/2020"	"W"	"2,272"
41700	"Washington/Wabash"	"08/15/2020"	"A"	"1,186"
41700	"Washington/Wabash"	"08/16/2020"	"U"	"1,141"
41700	"Washington/Wabash"	"08/17/2020"	"W"	"2,390"
41700	"Washington/Wabash"	"08/18/2020"	"W"	"2,563"
41700	"Washington/Wabash"	"08/19/2020"	"W"	"2,427"
41700	"Washington/Wabash"	"08/20/2020"	"W"	"2,498"
41700	"Washington/Wabash"	"08/21/2020"	"W"	"2,733"
41700	"Washington/Wabash"	"08/22/2020"	"A"	"1,726"
41700	"Washington/Wabash"	"08/23/2020"	"U"	"1,212"
41700	"Washington/Wabash"	"08/24/2020"	"W"	"2,441"
41700	"Washington/Wabash"	"08/25/2020"	"W"	"2,494"
41700	"Washington/Wabash"	"08/26/2020"	"W"	"2,564"
41700	"Washington/Wabash"	"08/27/2020"	"W"	"2,463"
41700	"Washington/Wabash"	"08/28/2020"	"W"	"2,583"
41700	"Washington/Wabash"	"08/29/2020"	"A"	"1,560"
41700	"Washington/Wabash"	"08/30/2020"	"U"	"1,320"
41700	"Washington/Wabash"	"08/31/2020"	"W"	"2,589"
41700	"Washington/Wabash"	"09/01/2020"	"W"	"2,442"
41700	"Washington/Wabash"	"09/02/2020"	"W"	"2,858"
41700	"Washington/Wabash"	"09/03/2020"	"W"	"2,854"
41700	"Washington/Wabash"	"09/04/2020"	"W"	"3,033"
41700	"Washington/Wabash"	"09/05/2020"	"A"	"1,950"
41700	"Washington/Wabash"	"09/06/2020"	"U"	"1,431"
41700	"Washington/Wabash"	"09/07/2020"	"U"	"1,527"
41700	"Washington/Wabash"	"09/08/2020"	"W"	"2,400"
41700	"Washington/Wabash"	"09/09/2020"	"W"	"2,562"
41700	"Washington/Wabash"	"09/10/2020"	"W"	"2,681"
41700	"Washington/Wabash"	"09/11/2020"	"W"	"2,609"
41700	"Washington/Wabash"	"09/12/2020"	"A"	"1,606"
41700	"Washington/Wabash"	"09/13/2020"	"U"	"1,503"
41700	"Washington/Wabash"	"09/14/2020"	"W"	"2,590"
41700	"Washington/Wabash"	"09/15/2020"	"W"	"2,661"
41700	"Washington/Wabash"	"09/16/2020"	"W"	"2,836"
41700	"Washington/Wabash"	"09/17/2020"	"W"	"2,835"
41700	"Washington/Wabash"	"09/18/2020"	"W"	"2,875"
41700	"Washington/Wabash"	"09/19/2020"	"A"	"1,989"
41700	"Washington/Wabash"	"09/20/2020"	"U"	"1,309"
41700	"Washington/Wabash"	"09/21/2020"	"W"	"2,543"
41700	"Washington/Wabash"	"09/22/2020"	"W"	"2,670"
41700	"Washington/Wabash"	"09/23/2020"	"W"	"2,745"
41700	"Washington/Wabash"	"09/24/2020"	"W"	"2,750"
41700	"Washington/Wabash"	"09/25/2020"	"W"	"3,044"
41700	"Washington/Wabash"	"09/26/2020"	"A"	"2,094"
41700	"Washington/Wabash"	"09/27/2020"	"U"	"1,423"
41700	"Washington/Wabash"	"09/28/2020"	"W"	"2,517"
41700	"Washington/Wabash"	"09/29/2020"	"W"	"2,710"
41700	"Washington/Wabash"	"09/30/2020"	"W"	"2,641"
41700	"Washington/Wabash"	"10/01/2020"	"W"	"2,726"
41700	"Washington/Wabash"	"10/02/2020"	"W"	"2,744"
41700	"Washington/Wabash"	"10/03/2020"	"A"	"1,919"
41700	"Washington/Wabash"	"10/04/2020"	"U"	"1,259"
41700	"Washington/Wabash"	"10/05/2020"	"W"	"2,620"
41700	"Washington/Wabash"	"10/06/2020"	"W"	"2,672"
41700	"Washington/Wabash"	"10/07/2020"	"W"	"2,648"
41700	"Washington/Wabash"	"10/08/2020"	"W"	"2,819"
41700	"Washington/Wabash"	"10/09/2020"	"W"	"2,932"
41700	"Washington/Wabash"	"10/10/2020"	"A"	"1,727"
41700	"Washington/Wabash"	"10/11/2020"	"U"	"1,374"
41700	"Washington/Wabash"	"10/12/2020"	"W"	"2,460"
41700	"Washington/Wabash"	"10/13/2020"	"W"	"2,742"
41700	"Washington/Wabash"	"10/14/2020"	"W"	"2,866"
41700	"Washington/Wabash"	"10/15/2020"	"W"	"2,755"
41700	"Washington/Wabash"	"10/16/2020"	"W"	"2,854"
41700	"Washington/Wabash"	"10/17/2020"	"A"	"2,047"
41700	"Washington/Wabash"	"10/18/2020"	"U"	"1,213"
41700	"Washington/Wabash"	"10/19/2020"	"W"	"2,552"
41700	"Washington/Wabash"	"10/20/2020"	"W"	"2,575"
41700	"Washington/Wabash"	"10/21/2020"	"W"	"2,669"
41700	"Washington/Wabash"	"10/22/2020"	"W"	"2,666"
41700	"Washington/Wabash"	"10/23/2020"	"W"	"2,529"
41700	"Washington/Wabash"	"10/24/2020"	"A"	"1,554"
41700	"Washington/Wabash"	"10/25/2020"	"U"	"1,126"
41700	"Washington/Wabash"	"10/26/2020"	"W"	"2,429"
41700	"Washington/Wabash"	"10/27/2020"	"W"	"2,490"
41700	"Washington/Wabash"	"10/28/2020"	"W"	"2,616"
41700	"Washington/Wabash"	"10/29/2020"	"W"	"2,549"
41700	"Washington/Wabash"	"10/30/2020"	"W"	"2,750"
41700	"Washington/Wabash"	"10/31/2020"	"A"	"1,711"
41700	"Washington/Wabash"	"11/01/2020"	"U"	"1,055"
41700	"Washington/Wabash"	"11/02/2020"	"W"	"2,470"
41700	"Washington/Wabash"	"11/03/2020"	"W"	"2,206"
41700	"Washington/Wabash"	"11/04/2020"	"W"	"2,173"
41700	"Washington/Wabash"	"11/05/2020"	"W"	"2,282"
41700	"Washington/Wabash"	"11/06/2020"	"W"	"2,694"
41700	"Washington/Wabash"	"11/07/2020"	"A"	"1,888"
41700	"Washington/Wabash"	"11/08/2020"	"U"	"1,377"
41700	"Washington/Wabash"	"11/09/2020"	"W"	"2,576"
41700	"Washington/Wabash"	"11/10/2020"	"W"	"2,293"
41700	"Washington/Wabash"	"11/11/2020"	"W"	"2,261"
41700	"Washington/Wabash"	"11/12/2020"	"W"	"2,424"
41700	"Washington/Wabash"	"11/13/2020"	"W"	"2,567"
41700	"Washington/Wabash"	"11/14/2020"	"A"	"1,424"
41700	"Washington/Wabash"	"11/15/2020"	"U"	"1,013"
41700	"Washington/Wabash"	"11/16/2020"	"W"	"2,238"
41700	"Washington/Wabash"	"11/17/2020"	"W"	"2,117"
41700	"Washington/Wabash"	"11/18/2020"	"W"	"2,165"
41700	"Washington/Wabash"	"11/19/2020"	"W"	"2,427"
41700	"Washington/Wabash"	"11/20/2020"	"W"	"2,543"
41700	"Washington/Wabash"	"11/21/2020"	"A"	"1,535"
41700	"Washington/Wabash"	"11/22/2020"	"U"	"1,139"
41700	"Washington/Wabash"	"11/23/2020"	"W"	"2,311"
41700	"Washington/Wabash"	"11/24/2020"	"W"	"2,048"
41700	"Washington/Wabash"	"11/25/2020"	"W"	"2,010"
41700	"Washington/Wabash"	"11/26/2020"	"U"	"601"
41700	"Washington/Wabash"	"11/27/2020"	"W"	"2,093"
41700	"Washington/Wabash"	"11/28/2020"	"A"	"1,782"
41700	"Washington/Wabash"	"11/29/2020"	"U"	"1,222"
41700	"Washington/Wabash"	"11/30/2020"	"W"	"2,041"
41700	"Washington/Wabash"	"12/01/2020"	"W"	"2,196"
41700	"Washington/Wabash"	"12/02/2020"	"W"	"2,445"
41700	"Washington/Wabash"	"12/03/2020"	"W"	"2,315"
41700	"Washington/Wabash"	"12/04/2020"	"W"	"2,530"
41700	"Washington/Wabash"	"12/05/2020"	"A"	"1,829"
41700	"Washington/Wabash"	"12/06/2020"	"U"	"1,088"
41700	"Washington/Wabash"	"12/07/2020"	"W"	"2,257"
41700	"Washington/Wabash"	"12/08/2020"	"W"	"2,210"
41700	"Washington/Wabash"	"12/09/2020"	"W"	"2,402"
41700	"Washington/Wabash"	"12/10/2020"	"W"	"2,570"
41700	"Washington/Wabash"	"12/11/2020"	"W"	"2,184"
41700	"Washington/Wabash"	"12/12/2020"	"A"	"1,478"
41700	"Washington/Wabash"	"12/13/2020"	"U"	"1,269"
41700	"Washington/Wabash"	"12/14/2020"	"W"	"2,218"
41700	"Washington/Wabash"	"12/15/2020"	"W"	"2,357"
41700	"Washington/Wabash"	"12/16/2020"	"W"	"2,337"
41700	"Washington/Wabash"	"12/17/2020"	"W"	"2,375"
41700	"Washington/Wabash"	"12/18/2020"	"W"	"2,617"
41700	"Washington/Wabash"	"12/19/2020"	"A"	"1,883"
41700	"Washington/Wabash"	"12/20/2020"	"U"	"1,412"
41700	"Washington/Wabash"	"12/21/2020"	"W"	"2,693"
41700	"Washington/Wabash"	"12/22/2020"	"W"	"2,771"
41700	"Washington/Wabash"	"12/23/2020"	"W"	"2,604"
41700	"Washington/Wabash"	"12/24/2020"	"W"	"1,557"
41700	"Washington/Wabash"	"12/25/2020"	"U"	"463"
41700	"Washington/Wabash"	"12/26/2020"	"A"	"1,554"
41700	"Washington/Wabash"	"12/27/2020"	"U"	"1,163"
41700	"Washington/Wabash"	"12/28/2020"	"W"	"2,167"
41700	"Washington/Wabash"	"12/29/2020"	"W"	"2,155"
41700	"Washington/Wabash"	"12/30/2020"	"W"	"2,161"
41700	"Washington/Wabash"	"12/31/2020"	"W"	"1,767"
41700	"Washington/Wabash"	"01/01/2021"	"U"	"887"
41700	"Washington/Wabash"	"01/02/2021"	"A"	"1,418"
41700	"Washington/Wabash"	"01/03/2021"	"U"	"1,040"
41700	"Washington/Wabash"	"01/04/2021"	"W"	"2,254"
41700	"Washington/Wabash"	"01/05/2021"	"W"	"2,193"
41700	"Washington/Wabash"	"01/06/2021"	"W"	"2,189"
41700	"Washington/Wabash"	"01/07/2021"	"W"	"2,218"
41700	"Washington/Wabash"	"01/08/2021"	"W"	"2,248"
41700	"Washington/Wabash"	"01/09/2021"	"A"	"1,410"
41700	"Washington/Wabash"	"01/10/2021"	"U"	"927"
41700	"Washington/Wabash"	"01/11/2021"	"W"	"2,124"
41700	"Washington/Wabash"	"01/12/2021"	"W"	"2,238"
41700	"Washington/Wabash"	"01/13/2021"	"W"	"2,292"
41700	"Washington/Wabash"	"01/14/2021"	"W"	"2,116"
41700	"Washington/Wabash"	"01/15/2021"	"W"	"2,175"
41700	"Washington/Wabash"	"01/16/2021"	"A"	"1,427"
41700	"Washington/Wabash"	"01/17/2021"	"U"	"984"
41700	"Washington/Wabash"	"01/18/2021"	"W"	"1,800"
41700	"Washington/Wabash"	"01/19/2021"	"W"	"2,232"
41700	"Washington/Wabash"	"01/20/2021"	"W"	"1,945"
41700	"Washington/Wabash"	"01/21/2021"	"W"	"2,345"
41700	"Washington/Wabash"	"01/22/2021"	"W"	"2,107"
41700	"Washington/Wabash"	"01/23/2021"	"A"	"1,602"
41700	"Washington/Wabash"	"01/24/2021"	"U"	"1,052"
41700	"Washington/Wabash"	"01/25/2021"	"W"	"2,211"
41700	"Washington/Wabash"	"01/26/2021"	"W"	"1,922"
41700	"Washington/Wabash"	"01/27/2021"	"W"	"2,157"
41700	"Washington/Wabash"	"01/28/2021"	"W"	"2,206"
41700	"Washington/Wabash"	"01/29/2021"	"W"	"2,209"
41700	"Washington/Wabash"	"01/30/2021"	"A"	"1,379"
41700	"Washington/Wabash"	"01/31/2021"	"U"	"679"
41700	"Washington/Wabash"	"02/01/2021"	"W"	"2,193"
41700	"Washington/Wabash"	"02/02/2021"	"W"	"2,269"
41700	"Washington/Wabash"	"02/03/2021"	"W"	"2,357"
41700	"Washington/Wabash"	"02/04/2021"	"W"	"2,230"
41700	"Washington/Wabash"	"02/05/2021"	"W"	"1,986"
41700	"Washington/Wabash"	"02/06/2021"	"A"	"1,073"
41700	"Washington/Wabash"	"02/07/2021"	"U"	"655"
41700	"Washington/Wabash"	"02/08/2021"	"W"	"1,904"
41700	"Washington/Wabash"	"02/09/2021"	"W"	"2,179"
41700	"Washington/Wabash"	"02/10/2021"	"W"	"2,144"
41700	"Washington/Wabash"	"02/11/2021"	"W"	"2,222"
41700	"Washington/Wabash"	"02/12/2021"	"W"	"2,155"
41700	"Washington/Wabash"	"02/13/2021"	"A"	"1,513"
41700	"Washington/Wabash"	"02/14/2021"	"U"	"837"
41700	"Washington/Wabash"	"02/15/2021"	"W"	"1,685"
41700	"Washington/Wabash"	"02/16/2021"	"W"	"1,347"
41700	"Washington/Wabash"	"02/17/2021"	"W"	"2,139"
41700	"Washington/Wabash"	"02/18/2021"	"W"	"2,329"
41700	"Washington/Wabash"	"02/19/2021"	"W"	"2,316"
41700	"Washington/Wabash"	"02/20/2021"	"A"	"1,521"
41700	"Washington/Wabash"	"02/21/2021"	"U"	"1,056"
41700	"Washington/Wabash"	"02/22/2021"	"W"	"2,257"
41700	"Washington/Wabash"	"02/23/2021"	"W"	"2,510"
41700	"Washington/Wabash"	"02/24/2021"	"W"	"2,449"
41700	"Washington/Wabash"	"02/25/2021"	"W"	"2,549"
41700	"Washington/Wabash"	"02/26/2021"	"W"	"2,658"
41700	"Washington/Wabash"	"02/27/2021"	"A"	"1,920"
41700	"Washington/Wabash"	"02/28/2021"	"U"	"1,203"
41700	"Washington/Wabash"	"03/01/2021"	"W"	"2,462"
41700	"Washington/Wabash"	"03/02/2021"	"W"	"2,569"
41700	"Washington/Wabash"	"03/03/2021"	"W"	"2,670"
41700	"Washington/Wabash"	"03/04/2021"	"W"	"2,568"
41700	"Washington/Wabash"	"03/05/2021"	"W"	"2,673"
41700	"Washington/Wabash"	"03/06/2021"	"A"	"1,942"
41700	"Washington/Wabash"	"03/07/2021"	"U"	"1,299"
41700	"Washington/Wabash"	"03/08/2021"	"W"	"2,608"
41700	"Washington/Wabash"	"03/09/2021"	"W"	"2,895"
41700	"Washington/Wabash"	"03/10/2021"	"W"	"2,498"
41700	"Washington/Wabash"	"03/11/2021"	"W"	"2,738"
41700	"Washington/Wabash"	"03/12/2021"	"W"	"2,771"
41700	"Washington/Wabash"	"03/13/2021"	"A"	"1,982"
41700	"Washington/Wabash"	"03/14/2021"	"U"	"1,422"
41700	"Washington/Wabash"	"03/15/2021"	"W"	"2,227"
41700	"Washington/Wabash"	"03/16/2021"	"W"	"2,569"
41700	"Washington/Wabash"	"03/17/2021"	"W"	"2,642"
41700	"Washington/Wabash"	"03/18/2021"	"W"	"2,627"
41700	"Washington/Wabash"	"03/19/2021"	"W"	"2,852"
41700	"Washington/Wabash"	"03/20/2021"	"A"	"2,435"
41700	"Washington/Wabash"	"03/21/2021"	"U"	"2,042"
41700	"Washington/Wabash"	"03/22/2021"	"W"	"2,916"
41700	"Washington/Wabash"	"03/23/2021"	"W"	"2,567"
41700	"Washington/Wabash"	"03/24/2021"	"W"	"2,786"
41700	"Washington/Wabash"	"03/25/2021"	"W"	"2,718"
41700	"Washington/Wabash"	"03/26/2021"	"W"	"2,854"
41700	"Washington/Wabash"	"03/27/2021"	"A"	"2,157"
41700	"Washington/Wabash"	"03/28/2021"	"U"	"1,554"
41700	"Washington/Wabash"	"03/29/2021"	"W"	"2,873"
41700	"Washington/Wabash"	"03/30/2021"	"W"	"3,100"
41700	"Washington/Wabash"	"03/31/2021"	"W"	"2,847"
41700	"Washington/Wabash"	"04/01/2021"	"W"	"2,906"
41700	"Washington/Wabash"	"04/02/2021"	"W"	"3,176"
41700	"Washington/Wabash"	"04/03/2021"	"A"	"2,535"
41700	"Washington/Wabash"	"04/04/2021"	"U"	"1,498"
41700	"Washington/Wabash"	"04/05/2021"	"W"	"2,792"
41700	"Washington/Wabash"	"04/06/2021"	"W"	"3,006"
41700	"Washington/Wabash"	"04/07/2021"	"W"	"2,881"
41700	"Washington/Wabash"	"04/08/2021"	"W"	"2,717"
41700	"Washington/Wabash"	"04/09/2021"	"W"	"3,077"
41700	"Washington/Wabash"	"04/10/2021"	"A"	"1,921"
41700	"Washington/Wabash"	"04/11/2021"	"U"	"1,533"
41700	"Washington/Wabash"	"04/12/2021"	"W"	"2,773"
41700	"Washington/Wabash"	"04/13/2021"	"W"	"2,947"
41700	"Washington/Wabash"	"04/14/2021"	"W"	"2,653"
41700	"Washington/Wabash"	"04/15/2021"	"W"	"2,758"
41700	"Washington/Wabash"	"04/16/2021"	"W"	"3,067"
41700	"Washington/Wabash"	"04/17/2021"	"A"	"2,477"
41700	"Washington/Wabash"	"04/18/2021"	"U"	"1,582"
41700	"Washington/Wabash"	"04/19/2021"	"W"	"2,639"
41700	"Washington/Wabash"	"04/20/2021"	"W"	"2,687"
41700	"Washington/Wabash"	"04/21/2021"	"W"	"2,665"
41700	"Washington/Wabash"	"04/22/2021"	"W"	"3,004"
41700	"Washington/Wabash"	"04/23/2021"	"W"	"3,098"
41700	"Washington/Wabash"	"04/24/2021"	"A"	"2,301"
41700	"Washington/Wabash"	"04/25/2021"	"U"	"1,583"
41700	"Washington/Wabash"	"04/26/2021"	"W"	"3,006"
41700	"Washington/Wabash"	"04/27/2021"	"W"	"3,455"
41700	"Washington/Wabash"	"04/28/2021"	"W"	"2,659"
41700	"Washington/Wabash"	"04/29/2021"	"W"	"2,843"
41700	"Washington/Wabash"	"04/30/2021"	"W"	"3,298"
41700	"Washington/Wabash"	"05/01/2021"	"A"	"2,684"
41700	"Washington/Wabash"	"05/02/2021"	"U"	"2,135"
41700	"Washington/Wabash"	"05/03/2021"	"W"	"2,898"
41700	"Washington/Wabash"	"05/04/2021"	"W"	"2,890"
41700	"Washington/Wabash"	"05/05/2021"	"W"	"3,051"
41700	"Washington/Wabash"	"05/06/2021"	"W"	"2,979"
41700	"Washington/Wabash"	"05/07/2021"	"W"	"3,249"
41700	"Washington/Wabash"	"05/08/2021"	"A"	"2,376"
41700	"Washington/Wabash"	"05/09/2021"	"U"	"1,354"
41700	"Washington/Wabash"	"05/10/2021"	"W"	"2,896"
41700	"Washington/Wabash"	"05/11/2021"	"W"	"3,082"
41700	"Washington/Wabash"	"05/12/2021"	"W"	"3,133"
41700	"Washington/Wabash"	"05/13/2021"	"W"	"3,362"
41700	"Washington/Wabash"	"05/14/2021"	"W"	"3,515"
41700	"Washington/Wabash"	"05/15/2021"	"A"	"2,393"
41700	"Washington/Wabash"	"05/16/2021"	"U"	"2,214"
41700	"Washington/Wabash"	"05/17/2021"	"W"	"3,105"
41700	"Washington/Wabash"	"05/18/2021"	"W"	"3,078"
41700	"Washington/Wabash"	"05/19/2021"	"W"	"3,258"
41700	"Washington/Wabash"	"05/20/2021"	"W"	"3,601"
41700	"Washington/Wabash"	"05/21/2021"	"W"	"3,879"
41700	"Washington/Wabash"	"05/22/2021"	"A"	"2,996"
41700	"Washington/Wabash"	"05/23/2021"	"U"	"1,894"
41700	"Washington/Wabash"	"05/24/2021"	"W"	"3,323"
41700	"Washington/Wabash"	"05/25/2021"	"W"	"3,235"
41700	"Washington/Wabash"	"05/26/2021"	"W"	"3,591"
41700	"Washington/Wabash"	"05/27/2021"	"W"	"3,233"
41700	"Washington/Wabash"	"05/28/2021"	"W"	"3,153"
41700	"Washington/Wabash"	"05/29/2021"	"A"	"3,165"
41700	"Washington/Wabash"	"05/30/2021"	"U"	"2,732"
41700	"Washington/Wabash"	"05/31/2021"	"U"	"2,404"
41700	"Washington/Wabash"	"06/01/2021"	"W"	"3,700"
41700	"Washington/Wabash"	"06/02/2021"	"W"	"3,670"
41700	"Washington/Wabash"	"06/03/2021"	"W"	"4,025"
41700	"Washington/Wabash"	"06/04/2021"	"W"	"3,994"
41700	"Washington/Wabash"	"06/05/2021"	"A"	"3,303"
41700	"Washington/Wabash"	"06/06/2021"	"U"	"2,443"
41700	"Washington/Wabash"	"06/07/2021"	"W"	"3,490"
41700	"Washington/Wabash"	"06/08/2021"	"W"	"3,752"
41700	"Washington/Wabash"	"06/09/2021"	"W"	"3,916"
41700	"Washington/Wabash"	"06/10/2021"	"W"	"4,033"
41700	"Washington/Wabash"	"06/11/2021"	"W"	"4,184"
41700	"Washington/Wabash"	"06/12/2021"	"A"	"3,193"
41700	"Washington/Wabash"	"06/13/2021"	"U"	"2,823"
41700	"Washington/Wabash"	"06/14/2021"	"W"	"4,070"
41700	"Washington/Wabash"	"06/15/2021"	"W"	"4,075"
41700	"Washington/Wabash"	"06/16/2021"	"W"	"4,248"
41700	"Washington/Wabash"	"06/17/2021"	"W"	"4,366"
41700	"Washington/Wabash"	"06/18/2021"	"W"	"4,270"
41700	"Washington/Wabash"	"06/19/2021"	"A"	"3,546"
41700	"Washington/Wabash"	"06/20/2021"	"U"	"2,029"
41700	"Washington/Wabash"	"06/21/2021"	"W"	"3,747"
41700	"Washington/Wabash"	"06/22/2021"	"W"	"4,109"
41700	"Washington/Wabash"	"06/23/2021"	"W"	"3,991"
41700	"Washington/Wabash"	"06/24/2021"	"W"	"3,970"
41700	"Washington/Wabash"	"06/25/2021"	"W"	"3,856"
41700	"Washington/Wabash"	"06/26/2021"	"A"	"2,876"
41700	"Washington/Wabash"	"06/27/2021"	"U"	"2,938"
41700	"Washington/Wabash"	"06/28/2021"	"W"	"3,750"
41700	"Washington/Wabash"	"06/29/2021"	"W"	"3,753"
41700	"Washington/Wabash"	"06/30/2021"	"W"	"3,919"
41700	"Washington/Wabash"	"07/01/2021"	"W"	"4,594"
41700	"Washington/Wabash"	"07/02/2021"	"W"	"4,673"
41700	"Washington/Wabash"	"07/03/2021"	"A"	"4,055"
41700	"Washington/Wabash"	"07/04/2021"	"U"	"2,718"
41700	"Washington/Wabash"	"07/05/2021"	"U"	"3,013"
41700	"Washington/Wabash"	"07/06/2021"	"W"	"4,324"
41700	"Washington/Wabash"	"07/07/2021"	"W"	"4,764"
41700	"Washington/Wabash"	"07/08/2021"	"W"	"4,906"
41700	"Washington/Wabash"	"07/09/2021"	"W"	"4,994"
41700	"Washington/Wabash"	"07/10/2021"	"A"	"3,603"
41700	"Washington/Wabash"	"07/11/2021"	"U"	"2,565"
41700	"Washington/Wabash"	"07/12/2021"	"W"	"4,163"
41700	"Washington/Wabash"	"07/13/2021"	"W"	"4,469"
41700	"Washington/Wabash"	"07/14/2021"	"W"	"4,964"
41700	"Washington/Wabash"	"07/15/2021"	"W"	"4,517"
41700	"Washington/Wabash"	"07/16/2021"	"W"	"4,691"
41700	"Washington/Wabash"	"07/17/2021"	"A"	"4,569"
41700	"Washington/Wabash"	"07/18/2021"	"U"	"3,599"
41700	"Washington/Wabash"	"07/19/2021"	"W"	"4,460"
41700	"Washington/Wabash"	"07/20/2021"	"W"	"4,547"
41700	"Washington/Wabash"	"07/21/2021"	"W"	"4,842"
41700	"Washington/Wabash"	"07/22/2021"	"W"	"4,955"
41700	"Washington/Wabash"	"07/23/2021"	"W"	"5,002"
41700	"Washington/Wabash"	"07/24/2021"	"A"	"3,822"
41700	"Washington/Wabash"	"07/25/2021"	"U"	"3,125"
41700	"Washington/Wabash"	"07/26/2021"	"W"	"4,478"
41700	"Washington/Wabash"	"07/27/2021"	"W"	"4,830"
41700	"Washington/Wabash"	"07/28/2021"	"W"	"5,322"
41700	"Washington/Wabash"	"07/29/2021"	"W"	"6,035"
41700	"Washington/Wabash"	"07/30/2021"	"W"	"6,622"
41700	"Washington/Wabash"	"07/31/2021"	"A"	"4,938"
41700	"Washington/Wabash"	"08/01/2021"	"U"	"4,463"
41700	"Washington/Wabash"	"08/02/2021"	"W"	"5,032"
41700	"Washington/Wabash"	"08/03/2021"	"W"	"4,890"
41700	"Washington/Wabash"	"08/04/2021"	"W"	"4,897"
41700	"Washington/Wabash"	"08/05/2021"	"W"	"4,967"
41700	"Washington/Wabash"	"08/06/2021"	"W"	"4,892"
41700	"Washington/Wabash"	"08/07/2021"	"A"	"5,208"
41700	"Washington/Wabash"	"08/08/2021"	"U"	"4,491"
41700	"Washington/Wabash"	"08/09/2021"	"W"	"4,483"
41700	"Washington/Wabash"	"08/10/2021"	"W"	"4,604"
41700	"Washington/Wabash"	"08/11/2021"	"W"	"4,658"
41700	"Washington/Wabash"	"08/12/2021"	"W"	"4,893"
41700	"Washington/Wabash"	"08/13/2021"	"W"	"5,323"
41700	"Washington/Wabash"	"08/14/2021"	"A"	"4,292"
41700	"Washington/Wabash"	"08/15/2021"	"U"	"3,148"
41700	"Washington/Wabash"	"08/16/2021"	"W"	"4,617"
41700	"Washington/Wabash"	"08/17/2021"	"W"	"4,616"
41700	"Washington/Wabash"	"08/18/2021"	"W"	"4,963"
41700	"Washington/Wabash"	"08/19/2021"	"W"	"4,926"
41700	"Washington/Wabash"	"08/20/2021"	"W"	"5,066"
41700	"Washington/Wabash"	"08/21/2021"	"A"	"3,901"
41700	"Washington/Wabash"	"08/22/2021"	"U"	"3,498"
41700	"Washington/Wabash"	"08/23/2021"	"W"	"4,499"
41700	"Washington/Wabash"	"08/24/2021"	"W"	"4,310"
41700	"Washington/Wabash"	"08/25/2021"	"W"	"4,501"
41700	"Washington/Wabash"	"08/26/2021"	"W"	"4,946"
41700	"Washington/Wabash"	"08/27/2021"	"W"	"4,873"
41700	"Washington/Wabash"	"08/28/2021"	"A"	"4,771"
41700	"Washington/Wabash"	"08/29/2021"	"U"	"3,865"
41700	"Washington/Wabash"	"08/30/2021"	"W"	"4,545"
41700	"Washington/Wabash"	"08/31/2021"	"W"	"4,971"
41700	"Washington/Wabash"	"09/01/2021"	"W"	"4,738"
41700	"Washington/Wabash"	"09/02/2021"	"W"	"5,139"
41700	"Washington/Wabash"	"09/03/2021"	"W"	"5,604"
41700	"Washington/Wabash"	"09/04/2021"	"A"	"4,396"
41700	"Washington/Wabash"	"09/05/2021"	"U"	"4,163"
41700	"Washington/Wabash"	"09/06/2021"	"U"	"3,313"
41700	"Washington/Wabash"	"09/07/2021"	"W"	"4,702"
41700	"Washington/Wabash"	"09/08/2021"	"W"	"5,262"
41700	"Washington/Wabash"	"09/09/2021"	"W"	"5,576"
41700	"Washington/Wabash"	"09/10/2021"	"W"	"5,749"
41700	"Washington/Wabash"	"09/11/2021"	"A"	"4,137"
41700	"Washington/Wabash"	"09/12/2021"	"U"	"3,194"
41700	"Washington/Wabash"	"09/13/2021"	"W"	"4,919"
41700	"Washington/Wabash"	"09/14/2021"	"W"	"5,205"
41700	"Washington/Wabash"	"09/15/2021"	"W"	"5,479"
41700	"Washington/Wabash"	"09/16/2021"	"W"	"6,040"
41700	"Washington/Wabash"	"09/17/2021"	"W"	"5,907"
41700	"Washington/Wabash"	"09/18/2021"	"A"	"4,580"
41700	"Washington/Wabash"	"09/19/2021"	"U"	"3,416"
41700	"Washington/Wabash"	"09/20/2021"	"W"	"4,949"
41700	"Washington/Wabash"	"09/21/2021"	"W"	"5,202"
41700	"Washington/Wabash"	"09/22/2021"	"W"	"5,274"
41700	"Washington/Wabash"	"09/23/2021"	"W"	"5,415"
41700	"Washington/Wabash"	"09/24/2021"	"W"	"5,779"
41700	"Washington/Wabash"	"09/25/2021"	"A"	"4,592"
41700	"Washington/Wabash"	"09/26/2021"	"U"	"3,070"
41700	"Washington/Wabash"	"09/27/2021"	"W"	"5,044"
41700	"Washington/Wabash"	"09/28/2021"	"W"	"5,211"
41700	"Washington/Wabash"	"09/29/2021"	"W"	"5,174"
41700	"Washington/Wabash"	"09/30/2021"	"W"	"5,505"
41700	"Washington/Wabash"	"10/01/2021"	"W"	"5,464"
41700	"Washington/Wabash"	"10/02/2021"	"A"	"3,891"
41700	"Washington/Wabash"	"10/03/2021"	"U"	"2,728"
41700	"Washington/Wabash"	"10/04/2021"	"W"	"5,021"
41700	"Washington/Wabash"	"10/05/2021"	"W"	"5,212"
41700	"Washington/Wabash"	"10/06/2021"	"W"	"5,067"
41700	"Washington/Wabash"	"10/07/2021"	"W"	"5,197"
41700	"Washington/Wabash"	"10/08/2021"	"W"	"5,948"
41700	"Washington/Wabash"	"10/09/2021"	"A"	"5,141"
41700	"Washington/Wabash"	"10/10/2021"	"U"	"4,693"
41700	"Washington/Wabash"	"10/11/2021"	"W"	"4,406"
41700	"Washington/Wabash"	"10/12/2021"	"W"	"5,410"
41700	"Washington/Wabash"	"10/13/2021"	"W"	"5,343"
41700	"Washington/Wabash"	"10/14/2021"	"W"	"5,126"
41700	"Washington/Wabash"	"10/15/2021"	"W"	"5,573"
41700	"Washington/Wabash"	"10/16/2021"	"A"	"4,076"
41700	"Washington/Wabash"	"10/17/2021"	"U"	"3,095"
41700	"Washington/Wabash"	"10/18/2021"	"W"	"4,872"
41700	"Washington/Wabash"	"10/19/2021"	"W"	"5,391"
41700	"Washington/Wabash"	"10/20/2021"	"W"	"5,093"
41700	"Washington/Wabash"	"10/21/2021"	"W"	"5,024"
41700	"Washington/Wabash"	"10/22/2021"	"W"	"5,264"
41700	"Washington/Wabash"	"10/23/2021"	"A"	"3,845"
41700	"Washington/Wabash"	"10/24/2021"	"U"	"1,951"
41700	"Washington/Wabash"	"10/25/2021"	"W"	"4,476"
41700	"Washington/Wabash"	"10/26/2021"	"W"	"5,307"
41700	"Washington/Wabash"	"10/27/2021"	"W"	"5,086"
41700	"Washington/Wabash"	"10/28/2021"	"W"	"5,247"
41700	"Washington/Wabash"	"10/29/2021"	"W"	"4,822"
41700	"Washington/Wabash"	"10/30/2021"	"A"	"4,020"
41700	"Washington/Wabash"	"10/31/2021"	"U"	"2,544"
41700	"Washington/Wabash"	"11/01/2021"	"W"	"5,067"
41700	"Washington/Wabash"	"11/02/2021"	"W"	"5,364"
41700	"Washington/Wabash"	"11/03/2021"	"W"	"5,428"
41700	"Washington/Wabash"	"11/04/2021"	"W"	"5,401"
41700	"Washington/Wabash"	"11/05/2021"	"W"	"5,422"
41700	"Washington/Wabash"	"11/06/2021"	"A"	"4,058"
41700	"Washington/Wabash"	"11/07/2021"	"U"	"2,929"
41700	"Washington/Wabash"	"11/08/2021"	"W"	"5,225"
41700	"Washington/Wabash"	"11/09/2021"	"W"	"5,416"
41700	"Washington/Wabash"	"11/10/2021"	"W"	"5,444"
41700	"Washington/Wabash"	"11/11/2021"	"W"	"4,311"
41700	"Washington/Wabash"	"11/12/2021"	"W"	"5,228"
41700	"Washington/Wabash"	"11/13/2021"	"A"	"3,574"
41700	"Washington/Wabash"	"11/14/2021"	"U"	"2,170"
41700	"Washington/Wabash"	"11/15/2021"	"W"	"5,043"
41700	"Washington/Wabash"	"11/16/2021"	"W"	"5,546"
41700	"Washington/Wabash"	"11/17/2021"	"W"	"5,007"
41700	"Washington/Wabash"	"11/18/2021"	"W"	"5,527"
41700	"Washington/Wabash"	"11/19/2021"	"W"	"8,141"
41700	"Washington/Wabash"	"11/20/2021"	"A"	"5,891"
41700	"Washington/Wabash"	"11/21/2021"	"U"	"3,309"
41700	"Washington/Wabash"	"11/22/2021"	"W"	"5,471"
41700	"Washington/Wabash"	"11/23/2021"	"W"	"5,948"
41700	"Washington/Wabash"	"11/24/2021"	"W"	"5,431"
41700	"Washington/Wabash"	"11/25/2021"	"U"	"2,040"
41700	"Washington/Wabash"	"11/26/2021"	"W"	"4,579"
41700	"Washington/Wabash"	"11/27/2021"	"A"	"4,293"
41700	"Washington/Wabash"	"11/28/2021"	"U"	"2,985"
41700	"Washington/Wabash"	"11/29/2021"	"W"	"5,161"
41700	"Washington/Wabash"	"11/30/2021"	"W"	"5,633"
